0,0.0,0.25,Bb4,0,0,0,5
1,0.25,0.5,D4,0,0,0,2
2,0.5,0.75,C4,0,0,0,1
3,0.75,1.0,D4,0,0,0,2
4,1.0,1.25,Bb3,0,0,0,1
5,1.25,1.5,D4,0,0,0,2
6,1.5,1.75,C4,0,0,0,1
7,1.75,2.0,D4,0,0,0,2
8,2.0,2.25,Bb4,0,0,0,5
9,2.25,2.5,D4,0,0,0,2
10,2.5,2.75,C4,0,0,0,1
11,2.75,3.0,D4,0,0,0,2
12,3.0,3.25,Bb3,0,0,0,1
13,3.25,3.5,D4,0,0,0,2
14,3.5,3.75,C4,0,0,0,1
15,3.75,4.0,D4,0,0,0,2
16,4.0,4.25,Bb4,0,0,0,5
17,4.25,4.5,Eb4,0,0,0,3
18,4.5,4.75,D4,0,0,0,2
19,4.75,5.0,Eb4,0,0,0,3
20,5.0,5.25,Bb3,0,0,0,1
21,5.25,5.5,Eb4,0,0,0,3
22,5.5,5.75,D4,0,0,0,2
23,5.75,6.0,Eb4,0,0,0,3
24,6.0,6.25,Bb4,0,0,0,5
25,6.25,6.5,Eb4,0,0,0,3
26,6.5,6.75,D4,0,0,0,2
27,6.75,7.0,Eb4,0,0,0,3
28,7.0,7.25,Bb3,0,0,0,1
29,7.25,7.5,Eb4,0,0,0,3
30,7.5,7.75,D4,0,0,0,2
31,7.75,8.0,Eb4,0,0,0,3
32,8.0,8.25,A4,0,0,0,5
33,8.25,8.5,C4,0,0,0,2
34,8.5,8.75,Bb3,0,0,0,1
35,8.75,9.0,C4,0,0,0,2
36,9.0,9.25,A3,0,0,0,1
37,9.25,9.5,C4,0,0,0,2
38,9.5,9.75,Bb3,0,0,0,1
39,9.75,10.0,C4,0,0,0,2
40,10.0,10.25,A4,0,0,0,5
41,10.25,10.5,C4,0,0,0,2
42,10.5,10.75,Bb3,0,0,0,1
43,10.75,11.0,C4,0,0,0,2
44,11.0,11.25,A3,0,0,0,1
45,11.25,11.5,C4,0,0,0,2
46,11.5,11.75,Bb3,0,0,0,1
47,11.75,12.0,C4,0,0,0,2
48,12.0,12.25,A4,0,0,0,5
49,12.25,12.5,D4,0,0,0,2
50,12.5,12.75,C4,0,0,0,1
51,12.75,13.0,D4,0,0,0,2
52,13.0,13.25,Bb3,0,0,0,1
53,13.25,13.5,D4,0,0,0,2
54,13.5,13.75,C4,0,0,0,1
55,13.75,14.0,D4,0,0,0,2
56,14.0,14.25,A4,0,0,0,5
57,14.25,14.5,D4,0,0,0,2
58,14.5,14.75,C4,0,0,0,1
59,14.75,15.0,D4,0,0,0,2
60,15.0,15.25,Bb3,0,0,0,1
61,15.25,15.5,D4,0,0,0,2
62,15.5,15.75,C4,0,0,0,1
63,15.75,16.0,D4,0,0,0,2
64,16.0,16.25,G4,0,0,0,5
65,16.25,16.5,Eb4,0,0,0,3
66,16.5,16.75,D4,0,0,0,2
67,16.75,17.0,Eb4,0,0,0,3
68,17.0,17.25,Bb3,0,0,0,1
69,17.25,17.5,Eb4,0,0,0,3
70,17.5,17.75,D4,0,0,0,2
71,17.75,18.0,Eb4,0,0,0,3
72,18.0,18.25,G4,0,0,0,5
73,18.25,18.5,Eb4,0,0,0,3
74,18.5,18.75,D4,0,0,0,2
75,18.75,19.0,Eb4,0,0,0,3
76,19.0,19.25,Bb3,0,0,0,1
77,19.25,19.5,Eb4,0,0,0,3
78,19.5,19.75,D4,0,0,0,2
79,19.75,20.0,Eb4,0,0,0,3
80,20.0,20.25,A4,0,0,0,5
81,20.25,20.5,Eb4,0,0,0,3
82,20.5,20.75,D4,0,0,0,2
83,20.75,21.0,Eb4,0,0,0,3
84,21.0,21.25,C4,0,0,0,1
85,21.25,21.5,Eb4,0,0,0,3
86,21.5,21.75,D4,0,0,0,2
87,21.75,22.0,Eb4,0,0,0,3
88,22.0,22.25,A4,0,0,0,5
89,22.25,22.5,Eb4,0,0,0,3
90,22.5,22.75,D4,0,0,0,2
91,22.75,23.0,Eb4,0,0,0,3
92,23.0,23.25,C4,0,0,0,1
93,23.25,23.5,Eb4,0,0,0,3
94,23.5,23.75,D4,0,0,0,2
95,23.75,24.0,Eb4,0,0,0,3
96,24.0,24.25,A4,0,0,0,5
97,24.25,24.5,G4,0,0,0,3
98,24.5,24.75,F#4,0,0,0,2
99,24.75,25.0,G4,0,0,0,3
100,25.0,25.25,D4,0,0,0,1
101,25.25,25.5,G4,0,0,0,3
102,25.5,25.75,F#4,0,0,0,2
103,25.75,26.0,G4,0,0,0,3
104,26.0,26.25,A4,0,0,0,4
105,26.25,26.5,G4,0,0,0,3
106,26.5,26.75,F#4,0,0,0,2
107,26.75,27.0,G4,0,0,0,3
108,27.0,27.25,D4,0,0,0,1
109,27.25,27.5,G4,0,0,0,3
110,27.5,27.75,F#4,0,0,0,2
111,27.75,28.0,G4,0,0,0,3
112,28.0,28.25,Bb4,0,0,0,5
113,28.25,28.5,G4,0,0,0,3
114,28.5,28.75,F#4,0,0,0,2
115,28.75,29.0,G4,0,0,0,3
116,29.0,29.25,D4,0,0,0,1
117,29.25,29.5,G4,0,0,0,3
118,29.5,29.75,F#4,0,0,0,2
119,29.75,30.0,G4,0,0,0,3
120,30.0,30.25,Bb4,0,0,0,5
121,30.25,30.5,G4,0,0,0,3
122,30.5,30.75,F#4,0,0,0,2
123,30.75,31.0,G4,0,0,0,3
124,31.0,31.25,A4,0,0,0,4
125,31.25,31.5,G4,0,0,0,3
126,31.5,31.75,F#4,0,0,0,2
127,31.75,32.0,G4,0,0,0,3
128,32.0,32.25,Bb4,0,0,0,5
129,32.25,32.5,D4,0,0,0,2
130,32.5,32.75,C4,0,0,0,2
131,32.75,33.0,D4,0,0,0,3
132,33.0,33.25,Bb3,0,0,0,1
133,33.25,33.5,D4,0,0,0,2
134,33.5,33.75,C4,0,0,0,1
135,33.75,34.0,D4,0,0,0,2
136,34.0,34.25,Bb4,0,0,0,5
137,34.25,34.5,D4,0,0,0,2
138,34.5,34.75,C4,0,0,0,1
139,34.75,35.0,D4,0,0,0,2
140,35.0,35.25,Bb3,0,0,0,1
141,35.25,35.5,D4,0,0,0,3
142,35.5,35.75,C4,0,0,0,2
143,35.75,36.0,D4,0,0,0,3
144,36.0,36.25,Bb4,0,0,0,5
145,36.25,36.5,Eb4,0,0,0,3
146,36.5,36.75,D4,0,0,0,2
147,36.75,37.0,Eb4,0,0,0,3
148,37.0,37.25,Bb3,0,0,0,1
149,37.25,37.5,Eb4,0,0,0,3
150,37.5,37.75,D4,0,0,0,2
151,37.75,38.0,Eb4,0,0,0,3
152,38.0,38.25,Bb4,0,0,0,5
153,38.25,38.5,Eb4,0,0,0,3
154,38.5,38.75,D4,0,0,0,2
155,38.75,39.0,Eb4,0,0,0,3
156,39.0,39.25,Bb3,0,0,0,1
157,39.25,39.5,Eb4,0,0,0,3
158,39.5,39.75,D4,0,0,0,2
159,39.75,40.0,Eb4,0,0,0,3
160,40.0,40.25,A4,0,0,0,5
161,40.25,40.5,C4,0,0,0,1
162,40.5,40.75,Bb3,0,0,0,2
163,40.75,41.0,C4,0,0,0,1
164,41.0,41.25,Bb4,0,0,0,5
165,41.25,41.5,C4,0,0,0,1
166,41.5,41.75,Bb3,0,0,0,2
167,41.75,42.0,C4,0,0,0,1
168,42.0,42.25,A4,0,0,0,5
169,42.25,42.5,C4,0,0,0,1
170,42.5,42.75,Bb3,0,0,0,2
171,42.75,43.0,C4,0,0,0,1
172,43.0,43.25,G4,0,0,0,5
173,43.25,43.5,C4,0,0,0,1
174,43.5,43.75,Bb3,0,0,0,2
175,43.75,44.0,C4,0,0,0,1
176,44.0,44.25,A4,0,0,0,5
177,44.25,44.5,D4,0,0,0,2
178,44.5,44.75,C4,0,0,0,1
179,44.75,45.0,D4,0,0,0,2
180,45.0,45.25,Bb3,0,0,0,1
181,45.25,45.5,D4,0,0,0,3
182,45.5,45.75,C4,0,0,0,2
183,45.75,46.0,D4,0,0,0,3
184,46.0,46.25,A4,0,0,0,5
185,46.25,46.5,D4,0,0,0,2
186,46.5,46.75,C4,0,0,0,1
187,46.75,47.0,D4,0,0,0,2
188,47.0,47.25,Bb3,0,0,0,1
189,47.25,47.5,D4,0,0,0,3
190,47.5,47.75,C4,0,0,0,2
191,47.75,48.0,D4,0,0,0,3
192,48.0,48.25,G4,0,0,0,5
193,48.25,48.5,Eb4,0,0,0,3
194,48.5,48.75,D4,0,0,0,2
195,48.75,49.0,Eb4,0,0,0,3
196,49.0,49.25,Bb3,0,0,0,1
197,49.25,49.5,Eb4,0,0,0,3
198,49.5,49.75,D4,0,0,0,2
199,49.75,50.0,Eb4,0,0,0,3
200,50.0,50.25,G4,0,0,0,5
201,50.25,50.5,Eb4,0,0,0,3
202,50.5,50.75,D4,0,0,0,2
203,50.75,51.0,Eb4,0,0,0,3
204,51.0,51.25,Bb3,0,0,0,1
205,51.25,51.5,Eb4,0,0,0,3
206,51.5,51.75,D4,0,0,0,2
207,51.75,52.0,Eb4,0,0,0,3
208,52.0,52.25,A4,0,0,0,5
209,52.25,52.5,Eb4,0,0,0,3
210,52.5,52.75,D4,0,0,0,2
211,52.75,53.0,Eb4,0,0,0,3
212,53.0,53.25,C4,0,0,0,1
213,53.25,53.5,Eb4,0,0,0,3
214,53.5,53.75,D4,0,0,0,2
215,53.75,54.0,Eb4,0,0,0,3
216,54.0,54.25,A4,0,0,0,5
217,54.25,54.5,Eb4,0,0,0,3
218,54.5,54.75,D4,0,0,0,2
219,54.75,55.0,Eb4,0,0,0,3
220,55.0,55.25,C4,0,0,0,1
221,55.25,55.5,Eb4,0,0,0,3
222,55.5,55.75,D4,0,0,0,2
223,55.75,56.0,Eb4,0,0,0,3
224,56.0,56.25,A4,0,0,0,5
225,56.25,56.5,G4,0,0,0,3
226,56.5,56.75,F#4,0,0,0,2
227,56.75,57.0,G4,0,0,0,3
228,57.0,57.25,D4,0,0,0,1
229,57.25,57.5,G4,0,0,0,3
230,57.5,57.75,F#4,0,0,0,2
231,57.75,58.0,G4,0,0,0,3
232,58.0,58.25,A4,0,0,0,4
233,58.25,58.5,G4,0,0,0,3
234,58.5,58.75,F#4,0,0,0,2
235,58.75,59.0,G4,0,0,0,3
236,59.0,59.25,D4,0,0,0,1
237,59.25,59.5,G4,0,0,0,3
238,59.5,59.75,F#4,0,0,0,2
239,59.75,60.0,G4,0,0,0,3
240,60.0,60.25,Bb4,0,0,0,5
241,60.25,60.5,G4,0,0,0,3
242,60.5,60.75,F#4,0,0,0,2
243,60.75,61.0,G4,0,0,0,3
244,61.0,61.25,B4,0,0,0,5
245,61.25,61.5,G4,0,0,0,2
246,61.5,61.75,F4,0,0,0,1
247,61.75,62.0,G4,0,0,0,2
248,62.0,62.25,C5,0,0,0,5
249,62.25,62.5,G4,0,0,0,2
250,62.5,62.75,F4,0,0,0,1
251,62.75,63.0,G4,0,0,0,2
252,63.0,63.25,D5,0,0,0,5
253,63.25,63.5,G4,0,0,0,2
254,63.5,63.75,F4,0,0,0,1
255,63.75,64.0,G4,0,0,0,2
256,64.0,64.25,Eb5,0,0,0,4
257,64.25,64.5,D5,0,0,0,3
258,64.5,64.75,C5,0,0,0,2
259,64.75,65.0,D5,0,0,0,3
260,65.0,65.5,Eb5,0,0,0,4
261,65.5,66.0,G4,0,0,0,1
262,66.0,66.5,Ab4,0,0,0,2
263,66.5,67.0,G5,0,0,0,5
264,67.0,67.5,F5,0,0,0,4
265,67.5,68.0,Eb5,0,0,0,3
266,68.0,68.25,D5,0,0,0,2
267,68.25,68.5,C5,0,0,0,1
268,68.5,68.75,D5,0,0,0,2
269,68.75,69.0,Eb5,0,0,0,3
270,69.0,69.5,F5,0,0,0,4
271,69.5,70.0,F4,0,0,0,1
272,70.0,70.5,G4,0,0,0,2
273,70.5,71.0,F5,0,0,0,5
274,71.0,71.5,Eb5,0,0,0,4
275,71.5,72.0,D5,0,0,0,3
276,72.0,72.25,C5,0,0,0,1
277,72.25,72.5,Bb4,0,0,0,3
278,72.5,72.75,Ab4,0,0,0,2
279,72.75,73.0,Bb4,0,0,0,3
280,73.0,74.0,C5,0,0,0,4
281,74.0,74.25,C5,0,0,0,4
282,74.25,74.5,Bb4,0,0,0,3
283,74.5,74.75,Ab4,0,0,0,2
284,74.75,75.0,Bb4,0,0,0,3
285,75.0,76.0,C5,0,0,0,4
286,76.0,76.25,C5,0,0,0,4
287,76.25,76.5,Bb4,0,0,0,3
288,76.5,76.75,Ab4,0,0,0,2
289,76.75,77.0,Bb4,0,0,0,3
290,77.0,77.25,C5,0,0,0,4
291,77.25,77.5,F4,0,0,0,1
292,77.5,77.75,Gb4,0,0,0,2
293,77.75,78.0,Eb5,0,0,0,5
294,78.0,79.0,D5,0,0,0,4
295,79.5,80.0,D5,0,0,0,3
296,80.0,80.25,Eb5,0,0,0,4
297,80.25,80.5,D5,0,0,0,3
298,80.5,80.75,C5,0,0,0,2
299,80.75,81.0,D5,0,0,0,3
300,81.0,81.5,Eb5,0,0,0,4
301,81.5,82.0,G4,0,0,0,1
302,82.0,82.5,Ab4,0,0,0,2
303,82.5,83.0,G5,0,0,0,5
304,83.0,83.5,F5,0,0,0,4
305,83.5,84.0,Eb5,0,0,0,3
306,84.0,84.25,D5,0,0,0,2
307,84.25,84.5,C5,0,0,0,1
308,84.5,84.75,D5,0,0,0,2
309,84.75,85.0,Eb5,0,0,0,3
310,85.0,85.5,F5,0,0,0,4
311,85.5,86.0,F4,0,0,0,1
312,86.0,86.5,G4,0,0,0,2
313,86.5,87.0,F5,0,0,0,5
314,87.0,87.5,Eb5,0,0,0,4
315,87.5,88.0,D5,0,0,0,3
316,88.0,88.25,C5,0,0,0,1
317,88.25,88.5,Bb4,0,0,0,3
318,88.5,88.75,Ab4,0,0,0,2
319,88.75,89.0,Bb4,0,0,0,3
320,89.0,90.0,C5,0,0,0,4
321,90.0,90.25,C5,0,0,0,4
322,90.25,90.5,Bb4,0,0,0,3
323,90.5,90.75,Ab4,0,0,0,2
324,90.75,91.0,Bb4,0,0,0,3
325,91.0,92.0,C5,0,0,0,4
326,92.0,92.25,C5,0,0,0,4
327,92.25,92.5,Bb4,0,0,0,3
328,92.5,92.75,Ab4,0,0,0,2
329,92.75,93.0,Bb4,0,0,0,3
330,93.0,93.25,C5,0,0,0,4
331,93.25,93.5,F4,0,0,0,1
332,93.5,93.75,Gb4,0,0,0,2
333,93.75,94.0,Eb5,0,0,0,5
334,94.0,95.0,D5,0,0,0,4
335,95.5,96.0,D5,0,0,0,2
336,96.0,96.25,Eb5,0,0,0,3
337,96.25,96.5,D5,0,0,0,2
338,96.5,96.75,C5,0,0,0,1
339,96.75,97.0,D5,0,0,0,2
340,97.0,97.25,Eb5,0,0,0,3
341,97.25,97.5,F5,0,0,0,4
342,97.5,97.75,G5,0,0,0,5
343,97.75,98.0,Bb4,0,0,0,2
344,98.0,98.5,Ab4,0,0,0,1
345,98.5,99.0,G5,0,0,0,5
346,99.0,100.0,F5,0,0,0,4
347,100.0,100.25,D5,0,0,0,2
348,100.25,100.5,C5,0,0,0,1
349,100.5,100.75,Bb4,0,0,0,2
350,100.75,101.0,C5,0,0,0,1
351,101.0,101.25,D5,0,0,0,2
352,101.25,101.5,Eb5,0,0,0,3
353,101.5,101.75,F5,0,0,0,4
354,101.75,102.0,F4,0,0,0,1
355,102.0,102.5,G4,0,0,0,2
356,102.5,103.0,F5,0,0,0,5
357,103.0,104.0,Eb5,0,0,0,4
358,104.0,104.25,C5,0,0,0,3
359,104.25,104.5,Bb4,0,0,0,2
360,104.5,104.75,Ab4,0,0,0,1
361,104.75,105.0,Bb4,0,0,0,2
362,105.0,105.5,C5,0,0,0,3
363,105.5,106.0,D4,0,0,0,1
364,106.0,106.5,Eb4,0,0,0,2
365,106.5,107.0,F4,0,0,0,1
366,107.0,107.5,Ab4,0,0,0,2
367,107.5,108.0,C5,0,0,0,4
368,108.0,108.5,B4,0,0,0,3
369,108.5,109.0,F4,0,0,0,1
370,109.0,109.5,Gb4,0,0,0,2
371,109.5,110.0,Eb5,0,0,0,5
372,110.0,111.0,D5,0,0,0,4
373,111.25,111.5,B4,0,0,0,2
374,111.5,111.75,C5,0,0,0,1
375,111.75,112.0,D5,0,0,0,2
376,112.0,112.25,G5,0,0,0,5
377,112.25,112.5,F5,0,0,0,4
378,112.5,112.75,Eb5,0,0,0,3
379,112.75,113.0,D5,0,0,0,2
380,113.0,113.25,Eb5,0,0,0,3
381,113.25,113.5,F5,0,0,0,4
382,113.5,113.75,G5,0,0,0,5
383,113.75,114.0,C5,0,0,0,1
384,114.0,114.5,Ab5,0,0,0,5
385,114.5,115.0,G5,0,0,0,4
386,115.0,115.5,F5,0,0,0,3
387,115.5,116.0,Eb5,0,0,0,2
388,116.0,116.25,F5,0,0,0,4
389,116.25,116.5,Eb5,0,0,0,3
390,116.5,116.75,D5,0,0,0,2
391,116.75,117.0,C5,0,0,0,1
392,117.0,117.25,D5,0,0,0,2
393,117.25,117.5,Eb5,0,0,0,3
394,117.5,117.75,F5,0,0,0,4
395,117.75,118.0,F4,0,0,0,1
396,118.0,118.5,G4,0,0,0,2
397,118.5,119.0,F5,0,0,0,5
398,119.0,119.5,Eb5,0,0,0,4
399,119.5,120.0,D5,0,0,0,3
400,120.0,120.25,Eb5,0,0,0,4
401,120.25,120.5,D5,0,0,0,3
402,120.5,120.75,C5,0,0,0,2
403,120.75,121.0,Bb4,0,0,0,1
404,121.0,121.25,C5,0,0,0,2
405,121.25,121.5,D5,0,0,0,3
406,121.5,121.75,Eb5,0,0,0,4
407,121.75,122.0,Ab4,0,0,0,1
408,122.0,122.5,F5,0,0,0,5
409,122.5,123.0,Eb5,0,0,0,4
410,123.0,123.5,D5,0,0,0,3
411,123.5,124.0,C5,0,0,0,2
412,124.0,124.75,B4,0,0,0,1
413,124.75,125.0,B4,0,0,0,1
414,125.0,125.5,C5,0,0,0,2
415,125.5,126.0,D5,0,0,0,3
416,126.0,126.5,Eb5,0,0,0,4
417,126.5,127.0,D5,0,0,0,2
418,127.0,127.5,Eb5,0,0,0,3
419,127.5,128.0,F5,0,0,0,4
420,128.0,128.25,G5,0,0,0,5
421,128.25,128.5,Eb5,0,0,0,3
422,128.5,128.75,D5,0,0,0,2
423,128.75,129.0,Eb5,0,0,0,3
424,129.0,129.25,C5,0,0,0,1
425,129.25,129.5,Eb5,0,0,0,3
426,129.5,129.75,D5,0,0,0,2
427,129.75,130.0,Eb5,0,0,0,3
428,130.0,130.25,G5,0,0,0,5
429,130.25,130.5,Eb5,0,0,0,3
430,130.5,130.75,D5,0,0,0,2
431,130.75,131.0,Eb5,0,0,0,3
432,131.0,131.25,C5,0,0,0,1
433,131.25,131.5,Eb5,0,0,0,3
434,131.5,131.75,D5,0,0,0,2
435,131.75,132.0,Eb5,0,0,0,3
436,132.0,132.25,Ab5,0,0,0,5
437,132.25,132.5,Eb5,0,0,0,3
438,132.5,132.75,D5,0,0,0,2
439,132.75,133.0,Eb5,0,0,0,3
440,133.0,133.25,C5,0,0,0,1
441,133.25,133.5,Eb5,0,0,0,3
442,133.5,133.75,D5,0,0,0,2
443,133.75,134.0,Eb5,0,0,0,3
444,134.0,134.25,Ab5,0,0,0,5
445,134.25,134.5,Eb5,0,0,0,3
446,134.5,134.75,D5,0,0,0,2
447,134.75,135.0,Eb5,0,0,0,3
448,135.0,135.25,C5,0,0,0,1
449,135.25,135.5,Eb5,0,0,0,3
450,135.5,135.75,D5,0,0,0,2
451,135.75,136.0,Eb5,0,0,0,3
452,136.5,136.75,C5,0,0,0,2
453,136.75,137.0,D5,0,0,0,3
454,137.0,137.25,Bb4,0,0,0,1
455,137.25,137.5,D5,0,0,0,3
456,137.5,137.75,C5,0,0,0,2
457,137.75,138.0,D5,0,0,0,3
458,138.0,138.25,F5,0,0,0,5
459,138.25,138.5,D5,0,0,0,3
460,138.5,138.75,C5,0,0,0,2
461,138.75,139.0,D5,0,0,0,3
462,139.0,139.25,Bb4,0,0,0,1
463,139.25,139.5,D5,0,0,0,3
464,139.5,139.75,C5,0,0,0,2
465,139.75,140.0,D5,0,0,0,3
466,140.0,140.25,G5,0,0,0,5
467,140.25,140.5,Eb5,0,0,0,3
468,140.5,140.75,D5,0,0,0,2
469,140.75,141.0,Eb5,0,0,0,3
470,141.0,141.25,Bb4,0,0,0,1
471,141.25,141.5,Eb5,0,0,0,3
472,141.5,141.75,D5,0,0,0,2
473,141.75,142.0,Eb5,0,0,0,3
474,142.0,142.25,G5,0,0,0,5
475,142.25,142.5,Eb5,0,0,0,3
476,142.5,142.75,D5,0,0,0,2
477,142.75,143.0,Eb5,0,0,0,3
478,143.0,143.25,Bb4,0,0,0,1
479,143.25,143.5,Eb5,0,0,0,3
480,143.5,143.75,D5,0,0,0,2
481,143.75,144.0,Eb5,0,0,0,3
482,144.0,144.25,Eb5,0,0,0,5
483,144.25,144.5,C5,0,0,0,3
484,144.5,144.75,Bb4,0,0,0,2
485,144.75,145.0,C5,0,0,0,3
486,145.0,145.25,Ab4,0,0,0,1
487,145.25,145.5,C5,0,0,0,3
488,145.5,145.75,Bb4,0,0,0,2
489,145.75,146.0,C5,0,0,0,3
490,146.0,146.25,Eb5,0,0,0,5
491,146.25,146.5,C5,0,0,0,3
492,146.5,146.75,Bb4,0,0,0,2
493,146.75,147.0,C5,0,0,0,3
494,147.0,147.25,Ab4,0,0,0,1
495,147.25,147.5,C5,0,0,0,3
496,147.5,147.75,Bb4,0,0,0,2
497,147.75,148.0,C5,0,0,0,3
498,148.0,148.25,F5,0,0,0,5
499,148.25,148.5,C5,0,0,0,3
500,148.5,148.75,Bb4,0,0,0,2
501,148.75,149.0,C5,0,0,0,3
502,149.0,149.25,Ab4,0,0,0,1
503,149.25,149.5,C5,0,0,0,3
504,149.5,149.75,Bb4,0,0,0,2
505,149.75,150.0,C5,0,0,0,3
506,150.0,150.25,F5,0,0,0,5
507,150.25,150.5,C5,0,0,0,3
508,150.5,150.75,Bb4,0,0,0,2
509,150.75,151.0,C5,0,0,0,3
510,151.0,151.25,Ab4,0,0,0,1
511,151.25,151.5,C5,0,0,0,3
512,151.5,151.75,Bb4,0,0,0,2
513,151.75,152.0,C5,0,0,0,3
514,152.0,152.25,F5,0,0,0,5
515,152.25,152.5,D5,0,0,0,3
516,152.5,152.75,C5,0,0,0,2
517,152.75,153.0,D5,0,0,0,3
518,153.0,153.25,Ab4,0,0,0,1
519,153.25,153.5,D5,0,0,0,3
520,153.5,153.75,C5,0,0,0,2
521,153.75,154.0,D5,0,0,0,3
522,154.0,154.25,F5,0,0,0,5
523,154.25,154.5,D5,0,0,0,3
524,154.5,154.75,C5,0,0,0,2
525,154.75,155.0,D5,0,0,0,3
526,155.0,155.25,Ab4,0,0,0,1
527,155.25,155.5,D5,0,0,0,3
528,155.5,155.75,C5,0,0,0,2
529,155.75,156.0,D5,0,0,0,3
530,156.0,156.25,F5,0,0,0,5
531,156.25,156.5,D5,0,0,0,3
532,156.5,156.75,C5,0,0,0,2
533,156.75,157.0,D5,0,0,0,3
534,157.0,157.25,B4,0,0,0,1
535,157.25,157.5,D5,0,0,0,2
536,157.5,157.75,C5,0,0,0,1
537,157.75,158.0,D5,0,0,0,2
538,158.0,158.25,Eb5,0,0,0,3
539,158.25,158.5,D5,0,0,0,2
540,158.5,158.75,C5,0,0,0,1
541,158.75,159.0,D5,0,0,0,2
542,159.0,159.25,F5,0,0,0,4
543,159.25,159.5,D5,0,0,0,2
544,159.5,159.75,C5,0,0,0,1
545,159.75,160.0,D5,0,0,0,2
546,160.0,160.25,G5,0,0,0,5
547,160.25,160.5,Eb5,0,0,0,3
548,160.5,160.75,D5,0,0,0,2
549,160.75,161.0,Eb5,0,0,0,3
550,161.0,161.25,C5,0,0,0,1
551,161.25,161.5,Eb5,0,0,0,3
552,161.5,161.75,D5,0,0,0,2
553,161.75,162.0,Eb5,0,0,0,3
554,162.0,162.25,G5,0,0,0,5
555,162.25,162.5,Eb5,0,0,0,3
556,162.5,162.75,D5,0,0,0,2
557,162.75,163.0,Eb5,0,0,0,3
558,163.0,163.25,F5,0,0,0,4
559,163.25,163.5,Eb5,0,0,0,3
560,163.5,163.75,D5,0,0,0,2
561,163.75,164.0,Eb5,0,0,0,3
562,164.0,164.25,Ab5,0,0,0,5
563,164.25,164.5,Eb5,0,0,0,3
564,164.5,164.75,D5,0,0,0,2
565,164.75,165.0,Eb5,0,0,0,3
566,165.0,165.25,C5,0,0,0,1
567,165.25,165.5,Eb5,0,0,0,3
568,165.5,165.75,D5,0,0,0,2
569,165.75,166.0,Eb5,0,0,0,3
570,166.0,166.25,Ab5,0,0,0,5
571,166.25,166.5,Eb5,0,0,0,3
572,166.5,166.75,D5,0,0,0,2
573,166.75,167.0,Eb5,0,0,0,3
574,167.0,167.25,G5,0,0,0,5
575,167.25,167.5,Eb5,0,0,0,3
576,167.5,167.75,D5,0,0,0,2
577,167.75,168.0,Eb5,0,0,0,3
578,168.0,168.25,F5,0,0,0,4
579,168.25,168.5,D5,0,0,0,2
580,168.5,168.75,C5,0,0,0,1
581,168.75,169.0,D5,0,0,0,2
582,169.0,169.25,Bb4,0,0,0,1
583,169.25,169.5,D5,0,0,0,2
584,169.5,169.75,C5,0,0,0,1
585,169.75,170.0,D5,0,0,0,2
586,170.0,170.25,F5,0,0,0,4
587,170.25,170.5,D5,0,0,0,2
588,170.5,170.75,C5,0,0,0,1
589,170.75,171.0,D5,0,0,0,2
590,171.0,171.25,Eb5,0,0,0,3
591,171.25,171.5,D5,0,0,0,2
592,171.5,171.75,C5,0,0,0,1
593,171.75,172.0,D5,0,0,0,2
594,172.0,172.25,G5,0,0,0,5
595,172.25,172.5,Eb5,0,0,0,3
596,172.5,172.75,D5,0,0,0,2
597,172.75,173.0,Eb5,0,0,0,3
598,173.0,173.25,Bb4,0,0,0,1
599,173.25,173.5,Eb5,0,0,0,3
600,173.5,173.75,D5,0,0,0,2
601,173.75,174.0,Eb5,0,0,0,3
602,174.0,174.25,G5,0,0,0,5
603,174.25,174.5,Eb5,0,0,0,3
604,174.5,174.75,D5,0,0,0,2
605,174.75,175.0,Eb5,0,0,0,3
606,175.0,175.25,F5,0,0,0,4
607,175.25,175.5,Eb5,0,0,0,3
608,175.5,175.75,D5,0,0,0,2
609,175.75,176.0,Eb5,0,0,0,3
610,176.0,176.25,Eb5,0,0,0,5
611,176.25,176.5,C5,0,0,0,3
612,176.5,176.75,Bb4,0,0,0,2
613,176.75,177.0,C5,0,0,0,3
614,177.0,177.25,Ab4,0,0,0,1
615,177.25,177.5,C5,0,0,0,3
616,177.5,177.75,Bb4,0,0,0,2
617,177.75,178.0,C5,0,0,0,3
618,178.0,178.25,Eb5,0,0,0,5
619,178.25,178.5,C5,0,0,0,3
620,178.5,178.75,Bb4,0,0,0,2
621,178.75,179.0,C5,0,0,0,3
622,179.0,179.25,Ab4,0,0,0,1
623,179.25,179.5,C5,0,0,0,3
624,179.5,179.75,Bb4,0,0,0,2
625,179.75,180.0,C5,0,0,0,3
626,180.0,180.25,F5,0,0,0,5
627,180.25,180.5,C5,0,0,0,2
628,180.5,180.75,Bb4,0,0,0,1
629,180.75,181.0,C5,0,0,0,2
630,181.0,181.25,Ab4,0,0,0,1
631,181.25,181.5,C5,0,0,0,2
632,181.5,181.75,Bb4,0,0,0,1
633,181.75,182.0,C5,0,0,0,2
634,182.0,182.25,F5,0,0,0,5
635,182.25,182.5,C5,0,0,0,2
636,182.5,182.75,Bb4,0,0,0,1
637,182.75,183.0,C5,0,0,0,2
638,183.0,183.25,Eb5,0,0,0,4
639,183.25,183.5,C5,0,0,0,2
640,183.5,183.75,Bb4,0,0,0,1
641,183.75,184.0,C5,0,0,0,3
642,184.0,184.25,D5,0,0,0,4
643,184.25,184.5,C5,0,0,0,3
644,184.5,184.75,B4,0,0,0,2
645,184.75,185.0,C5,0,0,0,3
646,185.0,185.25,Ab4,0,0,0,1
647,185.25,185.5,C5,0,0,0,3
648,185.5,185.75,B4,0,0,0,2
649,185.75,186.0,C5,0,0,0,3
650,186.0,186.25,D5,0,0,0,4
651,186.25,186.5,C5,0,0,0,3
652,186.5,186.75,B4,0,0,0,2
653,186.75,187.0,C5,0,0,0,3
654,187.0,187.25,Eb5,0,0,0,5
655,187.25,187.5,C5,0,0,0,3
656,187.5,187.75,B4,0,0,0,2
657,187.75,188.0,C5,0,0,0,3
658,188.0,188.25,D5,0,0,0,5
659,188.25,188.5,G4,0,0,0,2
660,188.5,188.75,F4,0,0,0,1
661,188.75,189.0,G4,0,0,0,2
662,189.0,189.25,D4,0,0,0,1
663,189.25,189.5,G4,0,0,0,2
664,189.5,189.75,F4,0,0,0,1
665,189.75,190.0,G4,0,0,0,2
666,190.0,190.25,D5,0,0,0,5
667,190.25,190.5,G4,0,0,0,2
668,190.5,190.75,F4,0,0,0,1
669,190.75,191.0,G4,0,0,0,2
670,191.0,191.25,D4,0,0,0,1
671,191.25,191.5,G4,0,0,0,2
672,191.5,191.75,F4,0,0,0,1
673,191.75,192.0,G4,0,0,0,2
674,192.0,192.25,C5,0,0,0,5
675,192.25,192.5,Eb4,0,0,0,2
676,192.5,192.75,D4,0,0,0,1
677,192.75,193.0,Eb4,0,0,0,2
678,193.0,193.25,C4,0,0,0,1
679,193.25,193.5,Eb4,0,0,0,2
680,193.5,193.75,D4,0,0,0,1
681,193.75,194.0,Eb4,0,0,0,2
682,194.0,194.25,C5,0,0,0,5
683,194.25,194.5,D4,0,0,0,1
684,194.5,194.75,C4,0,0,0,3
685,194.75,195.0,D4,0,0,0,1
686,195.0,195.25,A3,0,0,0,1
687,195.25,195.5,D4,0,0,0,4
688,195.5,195.75,C4,0,0,0,3
689,195.75,196.0,D4,0,0,0,4
690,196.0,196.25,Bb4,0,0,0,5
691,196.25,196.5,D4,0,0,0,2
692,196.5,196.75,C4,0,0,0,1
693,196.75,197.0,D4,0,0,0,2
694,197.0,197.25,Bb3,0,0,0,1
695,197.25,197.5,D4,0,0,0,2
696,197.5,197.75,C4,0,0,0,1
697,197.75,198.0,D4,0,0,0,2
698,198.0,198.25,Bb4,0,0,0,5
699,198.25,198.5,D4,0,0,0,2
700,198.5,198.75,C4,0,0,0,1
701,198.75,199.0,D4,0,0,0,2
702,199.0,199.25,Bb3,0,0,0,1
703,199.25,199.5,D4,0,0,0,2
704,199.5,199.75,C4,0,0,0,1
705,199.75,200.0,D4,0,0,0,2
706,200.0,200.25,Bb4,0,0,0,5
707,200.25,200.5,Eb4,0,0,0,3
708,200.5,200.75,D4,0,0,0,2
709,200.75,201.0,Eb4,0,0,0,3
710,201.0,201.25,Bb3,0,0,0,1
711,201.25,201.5,Eb4,0,0,0,3
712,201.5,201.75,D4,0,0,0,2
713,201.75,202.0,Eb4,0,0,0,3
714,202.0,202.25,Bb4,0,0,0,5
715,202.25,202.5,Eb4,0,0,0,3
716,202.5,202.75,D4,0,0,0,2
717,202.75,203.0,Eb4,0,0,0,3
718,203.0,203.25,Bb3,0,0,0,1
719,203.25,203.5,Eb4,0,0,0,3
720,203.5,203.75,D4,0,0,0,2
721,203.75,204.0,Eb4,0,0,0,3
722,204.0,204.25,A4,0,0,0,5
723,204.25,204.5,C4,0,0,0,2
724,204.5,204.75,Bb3,0,0,0,1
725,204.75,205.0,C4,0,0,0,2
726,205.0,205.25,A3,0,0,0,1
727,205.25,205.5,C4,0,0,0,2
728,205.5,205.75,Bb3,0,0,0,1
729,205.75,206.0,C4,0,0,0,2
730,206.0,206.25,A4,0,0,0,5
731,206.25,206.5,C4,0,0,0,2
732,206.5,206.75,Bb3,0,0,0,1
733,206.75,207.0,C4,0,0,0,2
734,207.0,207.25,A3,0,0,0,1
735,207.25,207.5,C4,0,0,0,2
736,207.5,207.75,Bb3,0,0,0,1
737,207.75,208.0,C4,0,0,0,2
738,208.0,208.25,A4,0,0,0,5
739,208.25,208.5,D4,0,0,0,2
740,208.5,208.75,C4,0,0,0,1
741,208.75,209.0,D4,0,0,0,2
742,209.0,209.25,Bb3,0,0,0,1
743,209.25,209.5,D4,0,0,0,2
744,209.5,209.75,C4,0,0,0,1
745,209.75,210.0,D4,0,0,0,2
746,210.0,210.25,A4,0,0,0,5
747,210.25,210.5,D4,0,0,0,2
748,210.5,210.75,C4,0,0,0,1
749,210.75,211.0,D4,0,0,0,2
750,211.0,211.25,Bb3,0,0,0,1
751,211.25,211.5,D4,0,0,0,2
752,211.5,211.75,C4,0,0,0,1
753,211.75,212.0,D4,0,0,0,2
754,212.0,212.25,G4,0,0,0,5
755,212.25,212.5,Eb4,0,0,0,3
756,212.5,212.75,D4,0,0,0,2
757,212.75,213.0,Eb4,0,0,0,3
758,213.0,213.25,Bb3,0,0,0,1
759,213.25,213.5,Eb4,0,0,0,3
760,213.5,213.75,D4,0,0,0,2
761,213.75,214.0,Eb4,0,0,0,3
762,214.0,214.25,G4,0,0,0,5
763,214.25,214.5,Eb4,0,0,0,3
764,214.5,214.75,D4,0,0,0,2
765,214.75,215.0,Eb4,0,0,0,3
766,215.0,215.25,Bb3,0,0,0,1
767,215.25,215.5,Eb4,0,0,0,3
768,215.5,215.75,D4,0,0,0,2
769,215.75,216.0,Eb4,0,0,0,3
770,216.0,216.25,A4,0,0,0,5
771,216.25,216.5,Eb4,0,0,0,3
772,216.5,216.75,D4,0,0,0,2
773,216.75,217.0,Eb4,0,0,0,3
774,217.0,217.25,C4,0,0,0,1
775,217.25,217.5,Eb4,0,0,0,3
776,217.5,217.75,D4,0,0,0,2
777,217.75,218.0,Eb4,0,0,0,3
778,218.0,218.25,A4,0,0,0,5
779,218.25,218.5,Eb4,0,0,0,3
780,218.5,218.75,D4,0,0,0,2
781,218.75,219.0,Eb4,0,0,0,3
782,219.0,219.25,C4,0,0,0,1
783,219.25,219.5,Eb4,0,0,0,3
784,219.5,219.75,D4,0,0,0,2
785,219.75,220.0,Eb4,0,0,0,3
786,220.0,220.25,A4,0,0,0,5
787,220.25,220.5,G4,0,0,0,3
788,220.5,220.75,F#4,0,0,0,2
789,220.75,221.0,G4,0,0,0,3
790,221.0,221.25,D4,0,0,0,1
791,221.25,221.5,G4,0,0,0,3
792,221.5,221.75,F#4,0,0,0,2
793,221.75,222.0,G4,0,0,0,3
794,222.0,222.25,A4,0,0,0,4
795,222.25,222.5,G4,0,0,0,3
796,222.5,222.75,F#4,0,0,0,2
797,222.75,223.0,G4,0,0,0,3
798,223.0,223.25,D4,0,0,0,1
799,223.25,223.5,G4,0,0,0,3
800,223.5,223.75,F#4,0,0,0,2
801,223.75,224.0,G4,0,0,0,3
802,224.0,224.25,Bb4,0,0,0,5
803,224.25,224.5,G4,0,0,0,3
804,224.5,224.75,F#4,0,0,0,2
805,224.75,225.0,G4,0,0,0,3
806,225.0,225.25,D4,0,0,0,1
807,225.25,225.5,G4,0,0,0,3
808,225.5,225.75,F#4,0,0,0,2
809,225.75,226.0,G4,0,0,0,3
810,226.0,226.25,Bb4,0,0,0,5
811,226.25,226.5,G4,0,0,0,3
812,226.5,226.75,F#4,0,0,0,2
813,226.75,227.0,G4,0,0,0,3
814,227.0,227.25,A4,0,0,0,4
815,227.25,227.5,G4,0,0,0,3
816,227.5,227.75,F#4,0,0,0,2
817,227.75,228.0,G4,0,0,0,3
818,228.0,228.25,Bb4,0,0,0,5
819,228.25,228.5,D4,0,0,0,2
820,228.5,228.75,C4,0,0,0,1
821,228.75,229.0,D4,0,0,0,2
822,229.0,229.25,Bb3,0,0,0,1
823,229.25,229.5,D4,0,0,0,2
824,229.5,229.75,C4,0,0,0,1
825,229.75,230.0,A4,0,0,0,4
826,230.0,230.25,Bb4,0,0,0,5
827,230.25,230.5,D4,0,0,0,2
828,230.5,230.75,C4,0,0,0,1
829,230.75,231.0,A4,0,0,0,4
830,231.0,231.25,Bb4,0,0,0,5
831,231.25,231.5,D4,0,0,0,2
832,231.5,231.75,C4,0,0,0,1
833,231.75,232.0,Bb4,0,0,0,4
834,232.0,232.25,C5,0,0,0,5
835,232.25,232.5,Eb4,0,0,0,2
836,232.5,232.75,D4,0,0,0,1
837,232.75,233.0,Eb4,0,0,0,2
838,233.0,233.25,C4,0,0,0,1
839,233.25,233.5,Eb4,0,0,0,2
840,233.5,233.75,D4,0,0,0,1
841,233.75,234.0,A4,0,0,0,3
842,234.0,234.25,C5,0,0,0,5
843,234.25,234.5,Eb4,0,0,0,2
844,234.5,234.75,D4,0,0,0,1
845,234.75,235.0,G4,0,0,0,3
846,235.0,235.25,C5,0,0,0,5
847,235.25,235.5,Eb4,0,0,0,2
848,235.5,235.75,D4,0,0,0,1
849,235.75,236.0,F4,0,0,0,2
850,236.0,236.25,C5,0,0,0,5
851,236.25,236.5,C4,0,0,0,1
852,236.5,236.75,Bb3,0,0,0,2
853,236.75,237.0,C4,0,0,0,1
854,237.0,237.25,Bb4,0,0,0,5
855,237.25,237.5,C4,0,0,0,1
856,237.5,237.75,Bb3,0,0,0,2
857,237.75,238.0,C4,0,0,0,1
858,238.0,238.25,A4,0,0,0,5
859,238.25,238.5,C4,0,0,0,1
860,238.5,238.75,Bb3,0,0,0,2
861,238.75,239.0,C4,0,0,0,1
862,239.0,239.25,G4,0,0,0,5
863,239.25,239.5,C4,0,0,0,1
864,239.5,239.75,Bb3,0,0,0,2
865,239.75,240.0,C4,0,0,0,1
866,240.0,240.25,A4,0,0,0,5
867,240.25,240.5,D4,0,0,0,2
868,240.5,240.75,C4,0,0,0,1
869,240.75,241.0,D4,0,0,0,2
870,241.0,241.25,Bb3,0,0,0,1
871,241.25,241.5,D4,0,0,0,2
872,241.5,241.75,C4,0,0,0,1
873,241.75,242.0,G4,0,0,0,4
874,242.0,242.25,A4,0,0,0,5
875,242.25,242.5,D4,0,0,0,2
876,242.5,242.75,C4,0,0,0,1
877,242.75,243.0,G4,0,0,0,4
878,243.0,243.25,A4,0,0,0,5
879,243.25,243.5,D4,0,0,0,2
880,243.5,243.75,C4,0,0,0,1
881,243.75,244.0,F4,0,0,0,4
882,244.0,244.25,G4,0,0,0,5
883,244.25,244.5,Eb4,0,0,0,3
884,244.5,244.75,D4,0,0,0,2
885,244.75,245.0,Eb4,0,0,0,3
886,245.0,245.25,Bb3,0,0,0,1
887,245.25,245.5,Eb4,0,0,0,3
888,245.5,245.75,D4,0,0,0,2
889,245.75,246.0,F4,0,0,0,4
890,246.0,246.25,G4,0,0,0,5
891,246.25,246.5,Eb4,0,0,0,2
892,246.5,246.75,D4,0,0,0,1
893,246.75,247.0,Eb4,0,0,0,2
894,247.0,247.25,A4,0,0,0,5
895,247.25,247.5,Eb4,0,0,0,2
896,247.5,247.75,Bb4,0,0,0,5
897,247.75,248.0,Eb4,0,0,0,2
898,248.0,248.25,C5,0,0,0,5
899,248.25,248.5,Eb4,0,0,0,2
900,248.5,248.75,D4,0,0,0,1
901,248.75,249.0,Eb4,0,0,0,2
902,249.0,249.25,C4,0,0,0,1
903,249.25,249.5,Eb4,0,0,0,2
904,249.5,249.75,D4,0,0,0,1
905,249.75,250.0,A4,0,0,0,4
906,250.0,250.25,C5,0,0,0,5
907,250.25,250.5,Eb4,0,0,0,2
908,250.5,250.75,D4,0,0,0,1
909,250.75,251.0,G4,0,0,0,3
910,251.0,251.25,Bb4,0,0,0,5
911,251.25,251.5,Eb4,0,0,0,2
912,251.5,251.75,D4,0,0,0,1
913,251.75,252.0,Eb4,0,0,0,2
914,252.0,252.25,A4,0,0,0,5
915,252.25,252.5,G4,0,0,0,4
916,252.5,252.75,F#4,0,0,0,3
917,252.75,253.0,G4,0,0,0,4
918,253.0,253.25,D4,0,0,0,1
919,253.25,253.5,G4,0,0,0,3
920,253.5,253.75,F#4,0,0,0,2
921,253.75,254.0,G4,0,0,0,3
922,254.0,254.25,A4,0,0,0,4
923,254.25,254.5,G4,0,0,0,3
924,254.5,254.75,F#4,0,0,0,2
925,254.75,255.0,G4,0,0,0,3
926,255.0,255.25,Bb4,0,0,0,5
927,255.25,255.5,G4,0,0,0,3
928,255.5,255.75,F#4,0,0,0,2
929,255.75,256.0,G4,0,0,0,3
930,256.0,256.25,A4,0,0,0,4
931,256.25,256.5,G4,0,0,0,3
932,256.5,256.75,F#4,0,0,0,2
933,256.75,257.0,G4,0,0,0,3
934,257.0,257.25,D4,0,0,0,1
935,257.25,257.5,G4,0,0,0,3
936,257.5,257.75,F#4,0,0,0,2
937,257.75,258.0,G4,0,0,0,3
938,258.0,258.25,A4,0,0,0,4
939,258.25,258.5,G4,0,0,0,3
940,258.5,258.75,F#4,0,0,0,1
941,258.75,259.0,G4,0,0,0,2
942,259.0,259.25,D4,0,0,0,1
943,259.25,259.5,G4,0,0,0,2
944,259.5,259.75,F#4,0,0,0,1
945,259.75,260.0,G4,0,0,0,2
946,260.0,260.25,A3,0,0,0,1
947,260.25,260.5,C4,0,0,0,2
948,260.5,260.75,Eb4,0,0,0,3
949,260.75,261.0,G4,0,0,0,5
950,261.0,261.25,F#4,0,0,0,3
951,261.25,261.5,Eb4,0,0,0,2
952,261.5,261.75,D4,0,0,0,1
953,261.75,262.0,Eb4,0,0,0,2
954,262.0,262.25,A4,0,0,0,4
955,262.25,262.5,F#4,0,0,0,2
956,262.5,262.75,Eb5,0,0,0,5
957,262.75,263.0,C5,0,0,0,4
958,263.0,263.25,F#4,0,0,0,2
959,263.25,263.5,Eb4,0,0,0,1
960,263.5,263.75,D4,0,0,0,2
961,263.75,264.0,Eb4,0,0,0,3
962,264.0,264.25,G3,0,0,0,1
963,264.25,264.5,Bb3,0,0,0,2
964,264.5,264.75,D4,0,0,0,3
965,264.75,265.0,F#4,0,0,0,4
966,265.0,265.25,G4,0,0,0,5
967,265.25,265.5,D4,0,0,0,2
968,265.5,265.75,C4,0,0,0,1
969,265.75,266.0,D4,0,0,0,2
970,266.0,266.25,G4,0,0,0,4
971,266.25,266.5,D4,0,0,0,1
972,266.5,266.75,Bb4,0,0,0,4
973,266.75,267.0,G4,0,0,0,2
974,267.0,267.25,D5,0,0,0,5
975,267.25,267.5,Bb4,0,0,0,2
976,267.5,267.75,A4,0,0,0,1
977,267.75,268.0,Bb4,0,0,0,2
978,268.0,268.25,Eb5,0,0,0,5
979,268.25,268.5,C5,0,0,0,3
980,268.5,268.75,B4,0,0,0,2
981,268.75,269.0,C5,0,0,0,3
982,269.0,269.25,G4,0,0,0,1
983,269.25,269.5,C5,0,0,0,3
984,269.5,269.75,B4,0,0,0,2
985,269.75,270.0,C5,0,0,0,4
986,270.0,270.25,D5,0,0,0,5
987,270.25,270.5,Bb4,0,0,0,3
988,270.5,270.75,A4,0,0,0,2
989,270.75,271.0,Bb4,0,0,0,3
990,271.0,271.25,D4,0,0,0,1
991,271.25,271.5,Bb4,0,0,0,4
992,271.5,271.75,A4,0,0,0,3
993,271.75,272.0,Bb4,0,0,0,4
994,272.0,273.0,G4,0,0,0,2
995,272.0,273.0,C5,0,0,0,5
996,273.0,274.0,G4,0,0,0,3
997,274.0,275.5,F#4,0,0,0,2
998,274.0,275.5,A4,0,0,0,4
999,275.5,276.0,G4,0,0,0,3
1000,276.0,280.0,Bb3,0,0,0,1
1001,276.0,280.0,G4,0,0,0,3
0,0.0,0.5,G2,0,0,1,-5
1,0.5,1.0,D3,0,0,1,-2
2,1.0,1.5,G3,0,0,1,-1
3,1.5,2.0,D3,0,0,1,-2
4,2.0,2.5,G2,0,0,1,-5
5,2.5,3.0,D3,0,0,1,-2
6,3.0,3.5,G3,0,0,1,-1
7,3.5,4.0,D3,0,0,1,-2
8,4.0,4.5,C2,0,0,1,-5
9,4.5,5.0,G2,0,0,1,-2
10,5.0,5.5,C3,0,0,1,-1
11,5.5,6.0,G2,0,0,1,-2
12,6.0,6.5,C2,0,0,1,-5
13,6.5,7.0,G2,0,0,1,-2
14,7.0,7.5,C3,0,0,1,-1
15,7.5,8.0,G2,0,0,1,-2
16,8.0,8.5,F2,0,0,1,-5
17,8.5,9.0,C3,0,0,1,-2
18,9.0,9.5,F3,0,0,1,-1
19,9.5,10.0,C3,0,0,1,-2
20,10.0,10.5,F2,0,0,1,-5
21,10.5,11.0,C3,0,0,1,-2
22,11.0,11.5,F3,0,0,1,-1
23,11.5,12.0,C3,0,0,1,-2
24,12.0,12.5,Bb2,0,0,1,-5
25,12.5,13.0,F3,0,0,1,-2
26,13.0,13.5,Bb3,0,0,1,-1
27,13.5,14.0,F3,0,0,1,-2
28,14.0,14.5,Bb2,0,0,1,-5
29,14.5,15.0,F3,0,0,1,-2
30,15.0,15.5,Bb3,0,0,1,-1
31,15.5,16.0,F3,0,0,1,-2
32,16.0,16.5,Eb2,0,0,1,-5
33,16.5,17.0,Bb2,0,0,1,-2
34,17.0,17.5,Eb3,0,0,1,-1
35,17.5,18.0,Bb2,0,0,1,-2
36,18.0,18.5,Eb2,0,0,1,-5
37,18.5,19.0,Bb2,0,0,1,-2
38,19.0,19.5,Eb3,0,0,1,-1
39,19.5,20.0,Bb2,0,0,1,-2
40,20.0,20.5,A2,0,0,1,-5
41,20.5,21.0,Eb3,0,0,1,-2
42,21.0,21.5,A3,0,0,1,-1
43,21.5,22.0,Eb3,0,0,1,-2
44,22.0,22.5,A2,0,0,1,-5
45,22.5,23.0,Eb3,0,0,1,-2
46,23.0,23.5,A3,0,0,1,-1
47,23.5,24.0,Eb3,0,0,1,-2
48,24.0,24.5,D2,0,0,1,-5
49,24.5,25.0,A2,0,0,1,-2
50,25.0,25.5,D3,0,0,1,-1
51,25.5,26.0,A2,0,0,1,-2
52,26.0,26.5,D2,0,0,1,-5
53,26.5,27.0,A2,0,0,1,-2
54,27.0,27.5,D3,0,0,1,-1
55,27.5,28.0,A2,0,0,1,-2
56,28.0,28.5,G2,0,0,1,-5
57,28.5,29.0,D3,0,0,1,-2
58,29.0,29.5,G3,0,0,1,-1
59,29.5,30.0,D3,0,0,1,-2
60,30.0,30.5,G2,0,0,1,-5
61,30.5,31.0,D3,0,0,1,-2
62,31.0,31.5,G3,0,0,1,-1
63,31.5,32.0,D3,0,0,1,-2
64,32.0,32.75,G2,0,0,1,-5
65,32.75,33.0,Bb3,0,0,1,-1
66,33.0,33.5,A3,0,0,1,-2
67,33.5,34.0,Bb3,0,0,1,-1
68,34.0,34.75,G2,0,0,1,-5
69,34.75,35.0,Bb3,0,0,1,-1
70,35.0,35.5,A3,0,0,1,-2
71,35.5,36.0,Bb3,0,0,1,-1
72,36.0,36.75,C2,0,0,1,-5
73,36.75,37.0,Eb3,0,0,1,-1
74,37.0,37.5,D3,0,0,1,-2
75,37.5,38.0,Eb3,0,0,1,-1
76,38.0,38.75,C2,0,0,1,-5
77,38.75,39.0,Eb3,0,0,1,-1
78,39.0,39.5,D3,0,0,1,-2
79,39.5,40.0,Eb3,0,0,1,-1
80,40.0,40.75,F2,0,0,1,-5
81,40.75,41.0,A3,0,0,1,-1
82,41.0,41.5,G3,0,0,1,-2
83,41.5,42.0,A3,0,0,1,-1
84,42.0,42.75,F2,0,0,1,-5
85,42.75,43.0,A3,0,0,1,-1
86,43.0,43.5,G3,0,0,1,-2
87,43.5,44.0,A3,0,0,1,-1
88,44.0,44.75,Bb1,0,0,1,-5
89,44.75,45.0,D3,0,0,1,-1
90,45.0,45.5,C3,0,0,1,-2
91,45.5,46.0,D3,0,0,1,-1
92,46.0,46.75,Bb1,0,0,1,-5
93,46.75,47.0,D3,0,0,1,-1
94,47.0,47.5,C3,0,0,1,-2
95,47.5,48.0,D3,0,0,1,-1
96,48.0,48.75,Eb2,0,0,1,-5
97,48.75,49.0,G3,0,0,1,-1
98,49.0,49.5,F3,0,0,1,-2
99,49.5,50.0,G3,0,0,1,-1
100,50.0,50.75,Eb2,0,0,1,-5
101,50.75,51.0,G3,0,0,1,-1
102,51.0,51.5,F3,0,0,1,-2
103,51.5,52.0,G3,0,0,1,-1
104,52.0,52.75,A2,0,0,1,-5
105,52.75,53.0,C4,0,0,1,-1
106,53.0,53.5,Bb3,0,0,1,-2
107,53.5,54.0,C4,0,0,1,-1
108,54.0,54.75,A2,0,0,1,-5
109,54.75,55.0,C4,0,0,1,-1
110,55.0,55.5,Bb3,0,0,1,-2
111,55.5,56.0,C4,0,0,1,-1
112,56.0,56.75,D2,0,0,1,-5
113,56.75,57.0,F#3,0,0,1,-1
114,57.0,57.5,E3,0,0,1,-2
115,57.5,58.0,F#3,0,0,1,-1
116,58.0,58.75,D2,0,0,1,-5
117,58.75,59.0,F#3,0,0,1,-1
118,59.0,59.5,E3,0,0,1,-2
119,59.5,60.0,F#3,0,0,1,-1
120,60.0,60.75,G2,0,0,1,-5
121,60.75,61.0,D3,0,0,1,-3
122,61.0,62.0,G3,0,0,1,-2
123,61.0,62.0,B3,0,0,1,-1
124,62.0,62.75,G2,0,0,1,-5
125,62.75,63.0,D3,0,0,1,-3
126,63.0,64.0,G3,0,0,1,-2
127,63.0,64.0,B3,0,0,1,-1
128,64.0,64.5,C3,0,0,1,-5
129,64.5,65.0,G3,0,0,1,-2
130,65.0,65.25,Eb4,0,0,1,-1
131,65.25,65.5,D4,0,0,1,-2
132,65.5,65.75,C4,0,0,1,-3
133,65.75,66.0,G3,0,0,1,-5
134,66.0,66.5,F2,0,0,1,-5
135,66.5,67.0,C3,0,0,1,-2
136,67.0,67.25,Ab3,0,0,1,-1
137,67.25,67.5,G3,0,0,1,-2
138,67.5,67.75,F3,0,0,1,-3
139,67.75,68.0,C3,0,0,1,-5
140,68.0,68.5,Bb2,0,0,1,-5
141,68.5,69.0,F3,0,0,1,-2
142,69.0,69.25,D4,0,0,1,-1
143,69.25,69.5,C4,0,0,1,-2
144,69.5,69.75,Bb3,0,0,1,-3
145,69.75,70.0,F3,0,0,1,-5
146,70.0,70.5,Eb2,0,0,1,-5
147,70.5,71.0,Bb2,0,0,1,-2
148,71.0,71.25,G3,0,0,1,-1
149,71.25,71.5,F3,0,0,1,-2
150,71.5,71.75,Eb3,0,0,1,-3
151,71.75,72.0,Bb2,0,0,1,-5
152,72.0,72.5,Ab2,0,0,1,-5
153,72.5,73.0,Eb3,0,0,1,-2
154,73.0,73.25,C4,0,0,1,-1
155,73.25,73.5,Bb3,0,0,1,-2
156,73.5,73.75,Ab3,0,0,1,-3
157,73.75,74.0,Eb3,0,0,1,-5
158,74.0,74.5,F2,0,0,1,-5
159,74.5,75.0,C3,0,0,1,-2
160,75.0,75.25,Ab3,0,0,1,-1
161,75.25,75.5,G3,0,0,1,-2
162,75.5,75.75,F3,0,0,1,-3
163,75.75,76.0,C3,0,0,1,-5
164,76.0,76.5,D2,0,0,1,-5
165,76.5,77.0,Ab2,0,0,1,-3
166,77.0,77.5,C3,0,0,1,-2
167,77.0,77.5,F3,0,0,1,-1
168,77.5,78.0,Ab2,0,0,1,-4
169,78.0,78.5,G2,0,0,1,-5
170,78.5,79.0,D3,0,0,1,-3
171,79.0,79.5,F3,0,0,1,-2
172,79.0,79.5,B3,0,0,1,-1
173,79.5,80.0,D3,0,0,1,-4
174,80.0,80.5,C3,0,0,1,-5
175,80.5,81.0,G3,0,0,1,-2
176,81.0,81.25,Eb4,0,0,1,-1
177,81.25,81.5,D4,0,0,1,-2
178,81.5,81.75,C4,0,0,1,-3
179,81.75,82.0,G3,0,0,1,-5
180,82.0,82.5,F2,0,0,1,-5
181,82.5,83.0,C3,0,0,1,-2
182,83.0,83.25,Ab3,0,0,1,-1
183,83.25,83.5,G3,0,0,1,-2
184,83.5,83.75,F3,0,0,1,-3
185,83.75,84.0,C3,0,0,1,-5
186,84.0,84.5,Bb2,0,0,1,-5
187,84.5,85.0,F3,0,0,1,-2
188,85.0,85.25,D4,0,0,1,-1
189,85.25,85.5,C4,0,0,1,-2
190,85.5,85.75,Bb3,0,0,1,-3
191,85.75,86.0,F3,0,0,1,-5
192,86.0,86.5,Eb2,0,0,1,-5
193,86.5,87.0,Bb2,0,0,1,-2
194,87.0,87.25,G3,0,0,1,-1
195,87.25,87.5,F3,0,0,1,-2
196,87.5,87.75,Eb3,0,0,1,-3
197,87.75,88.0,Bb2,0,0,1,-5
198,88.0,88.5,Ab2,0,0,1,-5
199,88.5,89.0,Eb3,0,0,1,-2
200,89.0,89.25,C4,0,0,1,-1
201,89.25,89.5,Bb3,0,0,1,-2
202,89.5,89.75,Ab3,0,0,1,-3
203,89.75,90.0,Eb3,0,0,1,-4
204,90.0,90.5,F2,0,0,1,-5
205,90.5,91.0,C3,0,0,1,-2
206,91.0,91.25,Ab3,0,0,1,-1
207,91.25,91.5,G3,0,0,1,-2
208,91.5,91.75,F3,0,0,1,-3
209,91.75,92.0,C3,0,0,1,-4
210,92.0,92.5,D2,0,0,1,-5
211,92.5,93.0,Ab2,0,0,1,-3
212,93.0,93.5,C3,0,0,1,-2
213,93.0,93.5,F3,0,0,1,-1
214,93.5,94.0,Ab2,0,0,1,-4
215,94.0,94.5,G2,0,0,1,-5
216,94.5,95.0,D3,0,0,1,-3
217,95.0,95.5,F3,0,0,1,-2
218,95.0,95.5,B3,0,0,1,-1
219,95.5,96.0,D3,0,0,1,-4
220,96.0,96.5,C3,0,0,1,-5
221,96.5,97.0,G3,0,0,1,-3
222,97.0,97.5,C4,0,0,1,-2
223,97.0,97.5,Eb4,0,0,1,-1
224,97.5,98.0,G3,0,0,1,-4
225,98.0,98.5,F2,0,0,1,-5
226,98.5,99.0,C3,0,0,1,-3
227,99.0,99.5,F3,0,0,1,-2
228,99.0,99.5,Ab3,0,0,1,-1
229,99.5,100.0,C3,0,0,1,-4
230,100.0,100.5,Bb2,0,0,1,-5
231,100.5,101.0,F3,0,0,1,-3
232,101.0,101.5,Bb3,0,0,1,-2
233,101.0,101.5,D4,0,0,1,-1
234,101.5,102.0,F3,0,0,1,-4
235,102.0,102.5,Eb2,0,0,1,-5
236,102.5,103.0,Bb2,0,0,1,-3
237,103.0,103.5,Eb3,0,0,1,-2
238,103.0,103.5,G3,0,0,1,-1
239,103.5,104.0,Bb2,0,0,1,-4
240,104.0,104.5,Ab2,0,0,1,-5
241,104.5,105.0,Eb3,0,0,1,-3
242,105.0,105.5,Ab3,0,0,1,-2
243,105.0,105.5,C4,0,0,1,-1
244,105.5,106.0,Eb3,0,0,1,-4
245,106.0,106.5,F2,0,0,1,-5
246,106.5,107.0,C3,0,0,1,-3
247,107.0,107.5,F3,0,0,1,-2
248,107.0,107.5,Ab3,0,0,1,-1
249,107.5,108.0,C3,0,0,1,-4
250,108.0,108.5,D2,0,0,1,-5
251,108.5,109.0,Ab2,0,0,1,-3
252,109.0,109.5,C3,0,0,1,-2
253,109.0,109.5,F3,0,0,1,-1
254,109.5,110.0,Ab2,0,0,1,-4
255,110.0,110.5,G2,0,0,1,-5
256,110.5,111.0,D3,0,0,1,-3
257,111.0,111.5,F3,0,0,1,-2
258,111.0,111.5,B3,0,0,1,-1
259,111.5,112.0,D3,0,0,1,-4
260,112.0,112.5,C3,0,0,1,-5
261,112.5,113.0,G3,0,0,1,-3
262,113.0,113.5,C4,0,0,1,-2
263,113.0,113.5,Eb4,0,0,1,-1
264,113.5,114.0,G3,0,0,1,-4
265,114.0,114.5,F2,0,0,1,-5
266,114.5,115.0,C3,0,0,1,-3
267,115.0,115.5,F3,0,0,1,-2
268,115.0,115.5,Ab3,0,0,1,-1
269,115.5,116.0,C3,0,0,1,-4
270,116.0,116.5,Bb2,0,0,1,-5
271,116.5,117.0,F3,0,0,1,-3
272,117.0,117.5,Bb3,0,0,1,-2
273,117.0,117.5,D4,0,0,1,-1
274,117.5,118.0,F3,0,0,1,-4
275,118.0,118.5,Eb2,0,0,1,-5
276,118.5,119.0,Bb2,0,0,1,-3
277,119.0,119.5,Eb3,0,0,1,-2
278,119.0,119.5,G3,0,0,1,-1
279,119.5,120.0,Bb2,0,0,1,-4
280,120.0,120.5,Ab2,0,0,1,-5
281,120.5,121.0,Eb3,0,0,1,-3
282,121.0,121.5,Ab3,0,0,1,-2
283,121.0,121.5,C4,0,0,1,-1
284,121.5,122.0,Eb3,0,0,1,-4
285,122.0,122.5,F2,0,0,1,-5
286,122.5,123.0,C3,0,0,1,-3
287,123.0,123.5,F3,0,0,1,-2
288,123.0,123.5,Ab3,0,0,1,-1
289,123.5,124.0,C3,0,0,1,-4
290,124.0,124.5,D2,0,0,1,-5
291,124.5,125.0,Ab2,0,0,1,-3
292,125.0,125.5,C3,0,0,1,-2
293,125.0,125.5,F3,0,0,1,-1
294,125.5,126.0,Ab2,0,0,1,-4
295,126.0,126.5,G2,0,0,1,-5
296,126.5,127.0,D3,0,0,1,-3
297,127.0,127.5,F3,0,0,1,-2
298,127.0,127.5,B3,0,0,1,-1
299,127.5,128.0,D3,0,0,1,-4
300,128.0,128.25,C3,0,0,1,-5
301,128.25,128.5,G3,0,0,1,-3
302,128.5,128.75,C4,0,0,1,-2
303,128.75,129.0,D4,0,0,1,-1
304,129.0,129.25,G3,0,0,1,-5
305,129.0,129.25,C4,0,0,1,-2
306,129.25,129.5,Eb4,0,0,1,-1
307,129.5,129.75,C4,0,0,1,-2
308,129.75,130.0,G3,0,0,1,-5
309,130.0,130.25,C3,0,0,1,-5
310,130.25,130.5,G3,0,0,1,-3
311,130.5,130.75,C4,0,0,1,-2
312,130.75,131.0,D4,0,0,1,-1
313,131.0,131.25,G3,0,0,1,-5
314,131.0,131.25,C4,0,0,1,-2
315,131.25,131.5,Eb4,0,0,1,-1
316,131.5,131.75,C4,0,0,1,-2
317,131.75,132.0,G3,0,0,1,-5
318,132.0,132.25,F2,0,0,1,-5
319,132.25,132.5,C3,0,0,1,-3
320,132.5,132.75,F3,0,0,1,-2
321,132.75,133.0,G3,0,0,1,-1
322,133.0,133.25,C3,0,0,1,-5
323,133.0,133.25,F3,0,0,1,-2
324,133.25,133.5,Ab3,0,0,1,-1
325,133.5,133.75,F3,0,0,1,-2
326,133.75,134.0,C3,0,0,1,-5
327,134.0,134.25,F2,0,0,1,-5
328,134.25,134.5,C3,0,0,1,-3
329,134.5,134.75,F3,0,0,1,-2
330,134.75,135.0,G3,0,0,1,-1
331,135.0,135.25,C3,0,0,1,-5
332,135.0,135.25,F3,0,0,1,-2
333,135.25,135.5,Ab3,0,0,1,-1
334,135.5,135.75,F3,0,0,1,-2
335,135.75,136.0,C3,0,0,1,-5
336,136.0,136.25,Bb2,0,0,1,-5
337,136.25,136.5,F3,0,0,1,-3
338,136.5,136.75,Bb3,0,0,1,-2
339,136.75,137.0,C4,0,0,1,-1
340,137.0,137.25,F3,0,0,1,-5
341,137.0,137.25,Bb3,0,0,1,-2
342,137.25,137.5,D4,0,0,1,-1
343,137.5,137.75,Bb3,0,0,1,-2
344,137.75,138.0,F3,0,0,1,-5
345,138.0,138.25,Bb2,0,0,1,-5
346,138.25,138.5,F3,0,0,1,-3
347,138.5,138.75,Bb3,0,0,1,-2
348,138.75,139.0,C4,0,0,1,-1
349,139.0,139.25,F3,0,0,1,-5
350,139.0,139.25,Bb3,0,0,1,-2
351,139.25,139.5,D4,0,0,1,-1
352,139.5,139.75,Bb3,0,0,1,-2
353,139.75,140.0,F3,0,0,1,-5
354,140.0,140.25,Eb2,0,0,1,-5
355,140.25,140.5,Bb2,0,0,1,-3
356,140.5,140.75,Eb3,0,0,1,-2
357,140.75,141.0,F3,0,0,1,-1
358,141.0,141.25,Bb2,0,0,1,-5
359,141.0,141.25,Eb3,0,0,1,-2
360,141.25,141.5,G3,0,0,1,-1
361,141.5,141.75,Eb3,0,0,1,-2
362,141.75,142.0,Bb2,0,0,1,-5
363,142.0,142.25,Eb2,0,0,1,-5
364,142.25,142.5,Bb2,0,0,1,-3
365,142.5,142.75,Eb3,0,0,1,-2
366,142.75,143.0,F3,0,0,1,-1
367,143.0,143.25,Bb2,0,0,1,-5
368,143.0,143.25,Eb3,0,0,1,-2
369,143.25,143.5,G3,0,0,1,-1
370,143.5,143.75,Eb3,0,0,1,-2
371,143.75,144.0,Bb2,0,0,1,-5
372,144.0,144.25,Ab2,0,0,1,-5
373,144.25,144.5,Eb3,0,0,1,-3
374,144.5,144.75,Ab3,0,0,1,-2
375,144.75,145.0,Bb3,0,0,1,-1
376,145.0,145.25,Eb3,0,0,1,-5
377,145.0,145.25,Ab3,0,0,1,-2
378,145.25,145.5,C4,0,0,1,-1
379,145.5,145.75,Ab3,0,0,1,-2
380,145.75,146.0,Eb3,0,0,1,-5
381,146.0,146.25,Ab2,0,0,1,-5
382,146.25,146.5,Eb3,0,0,1,-3
383,146.5,146.75,Ab3,0,0,1,-2
384,146.75,147.0,Bb3,0,0,1,-1
385,147.0,147.25,Eb3,0,0,1,-5
386,147.0,147.25,Ab3,0,0,1,-2
387,147.25,147.5,C4,0,0,1,-1
388,147.5,147.75,Ab3,0,0,1,-2
389,147.75,148.0,Eb3,0,0,1,-5
390,148.0,148.25,F2,0,0,1,-5
391,148.25,148.5,C3,0,0,1,-3
392,148.5,148.75,F3,0,0,1,-2
393,148.75,149.0,G3,0,0,1,-1
394,149.0,149.25,C3,0,0,1,-5
395,149.0,149.25,F3,0,0,1,-2
396,149.25,149.5,Ab3,0,0,1,-1
397,149.5,149.75,F3,0,0,1,-2
398,149.75,150.0,C3,0,0,1,-5
399,150.0,150.25,F2,0,0,1,-5
400,150.25,150.5,C3,0,0,1,-3
401,150.5,150.75,F3,0,0,1,-2
402,150.75,151.0,G3,0,0,1,-1
403,151.0,151.25,C3,0,0,1,-5
404,151.0,151.25,F3,0,0,1,-2
405,151.25,151.5,Ab3,0,0,1,-1
406,151.5,151.75,F3,0,0,1,-2
407,151.75,152.0,C3,0,0,1,-5
408,152.0,152.25,D2,0,0,1,-5
409,152.25,152.5,Ab2,0,0,1,-3
410,152.5,152.75,D3,0,0,1,-2
411,152.75,153.0,Eb3,0,0,1,-1
412,153.0,153.25,Ab2,0,0,1,-5
413,153.0,153.25,D3,0,0,1,-2
414,153.25,153.5,F3,0,0,1,-1
415,153.5,153.75,D3,0,0,1,-2
416,153.75,154.0,Ab2,0,0,1,-5
417,154.0,154.25,D2,0,0,1,-5
418,154.25,154.5,Ab2,0,0,1,-3
419,154.5,154.75,D3,0,0,1,-2
420,154.75,155.0,Eb3,0,0,1,-1
421,155.0,155.25,Ab2,0,0,1,-5
422,155.0,155.25,D3,0,0,1,-2
423,155.25,155.5,F3,0,0,1,-1
424,155.5,155.75,D3,0,0,1,-2
425,155.75,156.0,Ab2,0,0,1,-5
426,156.0,156.25,G2,0,0,1,-5
427,156.25,156.5,D3,0,0,1,-3
428,156.5,156.75,G3,0,0,1,-2
429,156.75,157.0,A3,0,0,1,-1
430,157.0,157.25,D3,0,0,1,-5
431,157.0,157.25,G3,0,0,1,-2
432,157.25,157.5,B3,0,0,1,-1
433,157.5,157.75,G3,0,0,1,-2
434,157.75,158.0,D3,0,0,1,-5
435,158.0,158.25,G2,0,0,1,-5
436,158.25,158.5,D3,0,0,1,-3
437,158.5,158.75,G3,0,0,1,-2
438,158.75,159.0,A3,0,0,1,-1
439,159.0,159.25,D3,0,0,1,-5
440,159.0,159.25,G3,0,0,1,-2
441,159.25,159.5,B3,0,0,1,-1
442,159.5,159.75,G3,0,0,1,-2
443,159.75,160.0,D3,0,0,1,-5
444,160.0,160.25,C3,0,0,1,-5
445,160.25,160.5,G3,0,0,1,-3
446,160.5,160.75,C4,0,0,1,-2
447,160.75,161.0,D4,0,0,1,-1
448,161.0,161.25,G3,0,0,1,-5
449,161.0,161.25,C4,0,0,1,-2
450,161.25,161.5,Eb4,0,0,1,-1
451,161.5,161.75,C4,0,0,1,-2
452,161.75,162.0,G3,0,0,1,-5
453,162.0,162.25,C3,0,0,1,-5
454,162.25,162.5,G3,0,0,1,-3
455,162.5,162.75,C4,0,0,1,-2
456,162.75,163.0,D4,0,0,1,-1
457,163.0,163.25,G3,0,0,1,-5
458,163.0,163.25,C4,0,0,1,-2
459,163.25,163.5,Eb4,0,0,1,-1
460,163.5,163.75,C4,0,0,1,-2
461,163.75,164.0,G3,0,0,1,-5
462,164.0,164.25,F2,0,0,1,-5
463,164.25,164.5,C3,0,0,1,-3
464,164.5,164.75,F3,0,0,1,-2
465,164.75,165.0,G3,0,0,1,-1
466,165.0,165.25,C3,0,0,1,-5
467,165.0,165.25,F3,0,0,1,-2
468,165.25,165.5,Ab3,0,0,1,-1
469,165.5,165.75,F3,0,0,1,-2
470,165.75,166.0,C3,0,0,1,-5
471,166.0,166.25,F2,0,0,1,-5
472,166.25,166.5,C3,0,0,1,-3
473,166.5,166.75,F3,0,0,1,-2
474,166.75,167.0,G3,0,0,1,-1
475,167.0,167.25,C3,0,0,1,-5
476,167.0,167.25,F3,0,0,1,-2
477,167.25,167.5,Ab3,0,0,1,-1
478,167.5,167.75,F3,0,0,1,-2
479,167.75,168.0,C3,0,0,1,-5
480,168.0,168.25,Bb2,0,0,1,-5
481,168.25,168.5,F3,0,0,1,-3
482,168.5,168.75,Bb3,0,0,1,-2
483,168.75,169.0,C4,0,0,1,-1
484,169.0,169.25,F3,0,0,1,-5
485,169.0,169.25,Bb3,0,0,1,-2
486,169.25,169.5,D4,0,0,1,-1
487,169.5,169.75,Bb3,0,0,1,-2
488,169.75,170.0,F3,0,0,1,-5
489,170.0,170.25,Bb2,0,0,1,-5
490,170.25,170.5,F3,0,0,1,-3
491,170.5,170.75,Bb3,0,0,1,-2
492,170.75,171.0,C4,0,0,1,-1
493,171.0,171.25,F3,0,0,1,-5
494,171.0,171.25,Bb3,0,0,1,-2
495,171.25,171.5,D4,0,0,1,-1
496,171.5,171.75,Bb3,0,0,1,-2
497,171.75,172.0,F3,0,0,1,-5
498,172.0,172.25,Eb2,0,0,1,-5
499,172.25,172.5,Bb2,0,0,1,-3
500,172.5,172.75,Eb3,0,0,1,-2
501,172.75,173.0,F3,0,0,1,-1
502,173.0,173.25,Bb2,0,0,1,-5
503,173.0,173.25,Eb3,0,0,1,-2
504,173.25,173.5,G3,0,0,1,-1
505,173.5,173.75,Eb3,0,0,1,-2
506,173.75,174.0,Bb2,0,0,1,-5
507,174.0,174.25,Eb2,0,0,1,-5
508,174.25,174.5,Bb2,0,0,1,-3
509,174.5,174.75,Eb3,0,0,1,-2
510,174.75,175.0,F3,0,0,1,-1
511,175.0,175.25,Bb2,0,0,1,-5
512,175.0,175.25,Eb3,0,0,1,-2
513,175.25,175.5,G3,0,0,1,-1
514,175.5,175.75,Eb3,0,0,1,-2
515,175.75,176.0,Bb2,0,0,1,-5
516,176.0,176.25,Ab2,0,0,1,-5
517,176.25,176.5,Eb3,0,0,1,-3
518,176.5,176.75,Ab3,0,0,1,-2
519,176.75,177.0,Bb3,0,0,1,-1
520,177.0,177.25,Eb3,0,0,1,-5
521,177.0,177.25,Ab3,0,0,1,-2
522,177.25,177.5,C4,0,0,1,-1
523,177.5,177.75,Ab3,0,0,1,-2
524,177.75,178.0,Eb3,0,0,1,-5
525,178.0,178.25,Ab2,0,0,1,-5
526,178.25,178.5,Eb3,0,0,1,-3
527,178.5,178.75,Ab3,0,0,1,-2
528,178.75,179.0,Bb3,0,0,1,-1
529,179.0,179.25,Eb3,0,0,1,-5
530,179.0,179.25,Ab3,0,0,1,-2
531,179.25,179.5,C4,0,0,1,-1
532,179.5,179.75,Ab3,0,0,1,-2
533,179.75,180.0,Eb3,0,0,1,-5
534,180.0,180.25,F2,0,0,1,-5
535,180.25,180.5,C3,0,0,1,-3
536,180.5,180.75,F3,0,0,1,-2
537,180.75,181.0,G3,0,0,1,-1
538,181.0,181.25,C3,0,0,1,-5
539,181.0,181.25,F3,0,0,1,-2
540,181.25,181.5,Ab3,0,0,1,-1
541,181.5,181.75,F3,0,0,1,-2
542,181.75,182.0,C3,0,0,1,-5
543,182.0,182.25,F2,0,0,1,-5
544,182.25,182.5,C3,0,0,1,-3
545,182.5,182.75,F3,0,0,1,-2
546,182.75,183.0,G3,0,0,1,-1
547,183.0,183.25,C3,0,0,1,-5
548,183.0,183.25,F3,0,0,1,-2
549,183.25,183.5,Ab3,0,0,1,-1
550,183.5,183.75,F3,0,0,1,-2
551,183.75,184.0,C3,0,0,1,-5
552,184.0,184.25,D2,0,0,1,-5
553,184.25,184.5,Ab2,0,0,1,-3
554,184.5,184.75,D3,0,0,1,-2
555,184.75,185.0,Eb3,0,0,1,-1
556,185.0,185.25,Ab2,0,0,1,-5
557,185.0,185.25,D3,0,0,1,-2
558,185.25,185.5,F3,0,0,1,-1
559,185.5,185.75,D3,0,0,1,-2
560,185.75,186.0,Ab2,0,0,1,-5
561,186.0,186.25,D2,0,0,1,-5
562,186.25,186.5,Ab2,0,0,1,-3
563,186.5,186.75,D3,0,0,1,-2
564,186.75,187.0,Eb3,0,0,1,-1
565,187.0,187.25,Ab2,0,0,1,-5
566,187.0,187.25,D3,0,0,1,-2
567,187.25,187.5,F3,0,0,1,-1
568,187.5,187.75,D3,0,0,1,-2
569,187.75,188.0,Ab2,0,0,1,-5
570,188.0,188.25,G2,0,0,1,-5
571,188.25,188.5,D3,0,0,1,-3
572,188.5,188.75,G3,0,0,1,-2
573,188.75,189.0,A3,0,0,1,-1
574,189.0,189.25,D3,0,0,1,-5
575,189.0,189.25,G3,0,0,1,-2
576,189.25,189.5,B3,0,0,1,-1
577,189.5,189.75,G3,0,0,1,-2
578,189.75,190.0,D3,0,0,1,-5
579,190.0,190.25,F2,0,0,1,-5
580,190.25,190.5,D3,0,0,1,-3
581,190.5,190.75,G3,0,0,1,-2
582,190.75,191.0,A3,0,0,1,-1
583,191.0,191.25,D3,0,0,1,-5
584,191.0,191.25,G3,0,0,1,-2
585,191.25,191.5,B3,0,0,1,-1
586,191.5,191.75,G3,0,0,1,-2
587,191.75,192.0,D3,0,0,1,-5
588,192.0,192.25,Eb2,0,0,1,-5
589,192.25,192.5,Bb2,0,0,1,-3
590,192.5,192.75,Eb3,0,0,1,-2
591,192.75,193.0,F3,0,0,1,-1
592,193.0,193.25,Bb2,0,0,1,-5
593,193.0,193.25,Eb3,0,0,1,-2
594,193.25,193.5,G3,0,0,1,-1
595,193.5,193.75,Eb3,0,0,1,-2
596,193.75,194.0,Bb2,0,0,1,-5
597,194.0,194.25,D2,0,0,1,-5
598,194.25,194.5,A2,0,0,1,-4
599,194.5,194.75,D3,0,0,1,-3
600,194.75,195.0,E3,0,0,1,-2
601,195.0,196.0,A2,0,0,1,-5
602,195.0,196.0,D3,0,0,1,-2
603,195.0,196.0,Gb3,0,0,1,-1
604,196.0,196.5,G2,0,0,1,-5
605,196.5,197.0,D3,0,0,1,-2
606,197.0,197.5,G3,0,0,1,-1
607,197.5,198.0,D3,0,0,1,-2
608,198.0,198.5,G2,0,0,1,-5
609,198.5,199.0,D3,0,0,1,-2
610,199.0,199.5,G3,0,0,1,-1
611,199.5,200.0,D3,0,0,1,-2
612,200.0,200.5,C2,0,0,1,-5
613,200.5,201.0,G2,0,0,1,-2
614,201.0,201.5,C3,0,0,1,-1
615,201.5,202.0,G2,0,0,1,-2
616,202.0,202.5,C2,0,0,1,-5
617,202.5,203.0,G2,0,0,1,-2
618,203.0,203.5,C3,0,0,1,-1
619,203.5,204.0,G2,0,0,1,-2
620,204.0,204.5,F2,0,0,1,-5
621,204.5,205.0,C3,0,0,1,-2
622,205.0,205.5,F3,0,0,1,-1
623,205.5,206.0,C3,0,0,1,-2
624,206.0,206.5,F2,0,0,1,-5
625,206.5,207.0,C3,0,0,1,-2
626,207.0,207.5,F3,0,0,1,-1
627,207.5,208.0,C3,0,0,1,-2
628,208.0,208.5,Bb2,0,0,1,-5
629,208.5,209.0,F3,0,0,1,-2
630,209.0,209.5,Bb3,0,0,1,-1
631,209.5,210.0,F3,0,0,1,-2
632,210.0,210.5,Bb2,0,0,1,-5
633,210.5,211.0,F3,0,0,1,-2
634,211.0,211.5,Bb3,0,0,1,-1
635,211.5,212.0,F3,0,0,1,-2
636,212.0,212.25,Eb2,0,0,1,-5
637,212.25,212.5,Bb2,0,0,1,-3
638,212.5,212.75,Eb3,0,0,1,-2
639,212.75,213.0,F3,0,0,1,-1
640,213.0,213.25,Bb2,0,0,1,-5
641,213.0,213.25,Eb3,0,0,1,-2
642,213.25,213.5,G3,0,0,1,-1
643,213.5,213.75,Eb3,0,0,1,-2
644,213.75,214.0,Bb2,0,0,1,-5
645,214.0,214.25,Eb2,0,0,1,-5
646,214.25,214.5,Bb2,0,0,1,-3
647,214.5,214.75,Eb3,0,0,1,-2
648,214.75,215.0,F3,0,0,1,-1
649,215.0,215.25,Bb2,0,0,1,-5
650,215.0,215.25,Eb3,0,0,1,-2
651,215.25,215.5,G3,0,0,1,-1
652,215.5,215.75,Eb3,0,0,1,-2
653,215.75,216.0,Bb2,0,0,1,-5
654,216.0,216.25,A2,0,0,1,-5
655,216.25,216.5,Eb3,0,0,1,-3
656,216.5,216.75,A3,0,0,1,-2
657,216.75,217.0,Bb3,0,0,1,-1
658,217.0,217.25,Eb3,0,0,1,-5
659,217.0,217.25,A3,0,0,1,-2
660,217.25,217.5,C4,0,0,1,-1
661,217.5,217.75,A3,0,0,1,-2
662,217.75,218.0,Eb3,0,0,1,-5
663,218.0,218.25,A2,0,0,1,-5
664,218.25,218.5,Eb3,0,0,1,-3
665,218.5,218.75,A3,0,0,1,-2
666,218.75,219.0,Bb3,0,0,1,-1
667,219.0,219.25,Eb3,0,0,1,-5
668,219.0,219.25,A3,0,0,1,-2
669,219.25,219.5,C4,0,0,1,-1
670,219.5,219.75,A3,0,0,1,-2
671,219.75,220.0,Eb3,0,0,1,-5
672,220.0,220.25,D2,0,0,1,-5
673,220.25,220.5,A2,0,0,1,-3
674,220.5,220.75,D3,0,0,1,-2
675,220.75,221.0,Eb3,0,0,1,-1
676,221.0,221.25,A2,0,0,1,-5
677,221.0,221.25,D3,0,0,1,-2
678,221.25,221.5,F#3,0,0,1,-1
679,221.5,221.75,D3,0,0,1,-2
680,221.75,222.0,A2,0,0,1,-5
681,222.0,222.25,D2,0,0,1,-5
682,222.25,222.5,A2,0,0,1,-3
683,222.5,222.75,D3,0,0,1,-2
684,222.75,223.0,Eb3,0,0,1,-1
685,223.0,223.25,A2,0,0,1,-5
686,223.0,223.25,D3,0,0,1,-2
687,223.25,223.5,F#3,0,0,1,-1
688,223.5,223.75,D3,0,0,1,-2
689,223.75,224.0,A2,0,0,1,-5
690,224.0,224.25,G2,0,0,1,-5
691,224.25,224.5,D3,0,0,1,-3
692,224.5,224.75,G3,0,0,1,-2
693,224.75,225.0,A3,0,0,1,-1
694,225.0,225.25,D3,0,0,1,-5
695,225.0,225.25,G3,0,0,1,-2
696,225.25,225.5,Bb3,0,0,1,-1
697,225.5,225.75,G3,0,0,1,-2
698,225.75,226.0,D3,0,0,1,-5
699,226.0,226.25,G2,0,0,1,-5
700,226.25,226.5,D3,0,0,1,-3
701,226.5,226.75,G3,0,0,1,-2
702,226.75,227.0,A3,0,0,1,-1
703,227.0,227.25,D3,0,0,1,-5
704,227.0,227.25,G3,0,0,1,-2
705,227.25,227.5,Bb3,0,0,1,-1
706,227.5,227.75,G3,0,0,1,-2
707,227.75,228.0,D3,0,0,1,-5
708,228.0,228.25,G2,0,0,1,-5
709,228.25,228.5,D3,0,0,1,-3
710,228.5,228.75,A3,0,0,1,-1
711,228.75,229.0,Bb3,0,0,1,-2
712,229.25,229.5,A3,0,0,1,-1
713,229.5,229.75,G3,0,0,1,-2
714,229.75,230.0,D3,0,0,1,-3
715,230.0,230.25,G2,0,0,1,-5
716,230.25,230.5,D3,0,0,1,-3
717,230.5,230.75,A3,0,0,1,-2
718,230.75,231.0,Bb3,0,0,1,-1
719,231.25,231.5,A3,0,0,1,-1
720,231.5,231.75,G3,0,0,1,-2
721,231.75,232.0,D3,0,0,1,-3
722,232.0,232.25,C2,0,0,1,-5
723,232.25,232.5,G2,0,0,1,-3
724,232.5,232.75,D3,0,0,1,-1
725,232.75,233.0,Eb3,0,0,1,-2
726,233.25,233.5,D3,0,0,1,-1
727,233.5,233.75,C3,0,0,1,-2
728,233.75,234.0,G2,0,0,1,-3
729,234.0,234.25,C2,0,0,1,-5
730,234.25,234.5,G2,0,0,1,-3
731,234.5,234.75,D3,0,0,1,-2
732,234.75,235.0,Eb3,0,0,1,-1
733,235.25,235.5,D3,0,0,1,-1
734,235.5,235.75,C3,0,0,1,-2
735,235.75,236.0,G2,0,0,1,-5
736,236.0,236.25,F2,0,0,1,-5
737,236.25,236.5,C3,0,0,1,-3
738,236.5,236.75,G3,0,0,1,-1
739,236.75,237.0,A3,0,0,1,-2
740,237.25,237.5,G3,0,0,1,-1
741,237.5,237.75,F3,0,0,1,-2
742,237.75,238.0,C3,0,0,1,-3
743,238.0,238.25,F2,0,0,1,-5
744,238.25,238.5,C3,0,0,1,-3
745,238.5,238.75,G3,0,0,1,-2
746,238.75,239.0,A3,0,0,1,-1
747,239.25,239.5,G3,0,0,1,-1
748,239.5,239.75,F3,0,0,1,-2
749,239.75,240.0,C3,0,0,1,-3
750,240.0,240.25,Bb2,0,0,1,-5
751,240.25,240.5,F3,0,0,1,-3
752,240.5,240.75,C4,0,0,1,-1
753,240.75,241.0,D4,0,0,1,-2
754,241.25,241.5,C4,0,0,1,-1
755,241.5,241.75,Bb3,0,0,1,-2
756,241.75,242.0,F3,0,0,1,-3
757,242.0,242.25,Bb2,0,0,1,-5
758,242.25,242.5,F3,0,0,1,-3
759,242.5,242.75,C4,0,0,1,-1
760,242.75,243.0,D4,0,0,1,-2
761,243.25,243.5,C4,0,0,1,-1
762,243.5,243.75,Bb3,0,0,1,-2
763,243.75,244.0,F3,0,0,1,-3
764,244.0,244.25,Eb2,0,0,1,-5
765,244.25,244.5,Bb2,0,0,1,-3
766,244.5,244.75,F3,0,0,1,-1
767,244.75,245.0,G3,0,0,1,-2
768,245.25,245.5,F3,0,0,1,-1
769,245.5,245.75,Eb3,0,0,1,-2
770,245.75,246.0,Bb2,0,0,1,-3
771,246.0,246.25,Eb2,0,0,1,-5
772,246.25,246.5,Bb2,0,0,1,-3
773,246.5,246.75,F3,0,0,1,-1
774,246.75,247.0,G3,0,0,1,-2
775,247.25,247.5,F3,0,0,1,-1
776,247.5,247.75,Eb3,0,0,1,-2
777,247.75,248.0,Bb2,0,0,1,-3
778,248.0,248.25,A2,0,0,1,-5
779,248.25,248.5,Eb3,0,0,1,-3
780,248.5,248.75,Bb3,0,0,1,-2
781,248.75,249.0,C4,0,0,1,-1
782,249.25,249.5,Bb3,0,0,1,-1
783,249.5,249.75,A3,0,0,1,-2
784,249.75,250.0,Eb3,0,0,1,-3
785,250.0,250.25,A2,0,0,1,-5
786,250.25,250.5,Eb3,0,0,1,-3
787,250.5,250.75,Bb3,0,0,1,-2
788,250.75,251.0,C4,0,0,1,-1
789,251.25,251.5,Bb3,0,0,1,-1
790,251.5,251.75,A3,0,0,1,-2
791,251.75,252.0,Eb3,0,0,1,-3
792,252.0,252.25,D2,0,0,1,-5
793,252.25,252.5,A2,0,0,1,-3
794,252.5,252.75,Eb3,0,0,1,-1
795,252.75,253.0,F#3,0,0,1,-2
796,253.25,253.5,Eb3,0,0,1,-1
797,253.5,253.75,D3,0,0,1,-2
798,253.75,254.0,A2,0,0,1,-3
799,254.0,254.25,D2,0,0,1,-5
800,254.25,254.5,A2,0,0,1,-3
801,254.5,254.75,Eb3,0,0,1,-1
802,254.75,255.0,F#3,0,0,1,-2
803,255.25,255.5,Eb3,0,0,1,-1
804,255.5,255.75,D3,0,0,1,-2
805,255.75,256.0,A2,0,0,1,-3
806,256.0,256.25,G2,0,0,1,-5
807,256.25,256.5,D3,0,0,1,-3
808,256.5,256.75,A3,0,0,1,-1
809,256.75,257.0,Bb3,0,0,1,-2
810,257.25,257.5,A3,0,0,1,-1
811,257.5,257.75,G3,0,0,1,-2
812,257.75,258.0,D3,0,0,1,-3
813,258.0,258.25,G2,0,0,1,-5
814,258.25,258.5,D3,0,0,1,-3
815,258.5,258.75,A3,0,0,1,-1
816,258.75,259.0,Bb3,0,0,1,-2
817,259.25,259.5,A3,0,0,1,-1
818,259.5,259.75,G3,0,0,1,-2
819,259.75,260.0,D3,0,0,1,-3
820,260.0,264.0,D2,0,0,1,-5
821,260.0,264.0,F#2,0,0,1,-3
822,260.0,264.0,C3,0,0,1,-1
823,264.0,268.0,G2,0,0,1,-5
824,264.0,268.0,Bb2,0,0,1,-3
825,264.0,268.0,D3,0,0,1,-1
826,268.0,270.0,A2,0,0,1,-5
827,268.0,270.0,C3,0,0,1,-4
828,268.0,270.0,Eb3,0,0,1,-2
829,268.0,270.0,F#3,0,0,1,-1
830,270.0,272.0,G2,0,0,1,-5
831,270.0,272.0,Bb2,0,0,1,-3
832,270.0,272.0,D3,0,0,1,-1
833,272.0,274.0,D3,0,0,1,-5
834,272.0,274.0,Bb3,0,0,1,-1
835,274.0,276.0,D3,0,0,1,-5
836,274.0,276.0,A3,0,0,1,-2
837,274.0,276.0,C4,0,0,1,-1
838,276.0,280.0,G2,0,0,1,-5
839,276.0,280.0,D3,0,0,1,-1
