0,0.0,0.25,C4,0,0,0,1
1,0.25,0.5,D4,0,0,0,2
2,0.5,0.75,E4,0,0,0,3
3,0.75,1.0,F4,0,0,0,4
4,1.0,1.25,G4,0,0,0,5
5,1.25,1.5,F4,0,0,0,4
6,1.5,1.75,E4,0,0,0,3
7,1.75,2.0,D4,0,0,0,2
8,2.0,2.25,C4,0,0,0,1
9,2.25,2.5,D4,0,0,0,2
10,2.5,2.75,E4,0,0,0,3
11,2.75,3.0,F4,0,0,0,4
12,3.0,3.25,G4,0,0,0,5
13,3.25,3.5,F4,0,0,0,4
14,3.5,3.75,E4,0,0,0,3
15,3.75,4.0,D4,0,0,0,2
16,4.0,4.25,C4,0,0,0,1
17,4.25,4.5,D4,0,0,0,2
18,4.5,4.75,E4,0,0,0,3
19,4.75,5.0,F4,0,0,0,4
20,5.0,5.25,G4,0,0,0,5
21,5.25,5.5,F4,0,0,0,4
22,5.5,5.75,E4,0,0,0,3
23,5.75,6.0,D4,0,0,0,2
24,6.0,6.25,C4,0,0,0,1
25,6.25,6.5,D4,0,0,0,2
26,6.5,6.75,E4,0,0,0,3
27,6.75,7.0,F4,0,0,0,4
28,7.0,7.25,G4,0,0,0,5
29,7.25,7.5,F4,0,0,0,4
30,7.5,7.75,E4,0,0,0,3
31,7.75,8.0,D4,0,0,0,2
32,8.0,9.0,C4,0,0,0,1
33,9.0,9.25,G4,0,0,0,5
34,9.25,9.5,F4,0,0,0,4
35,9.5,9.75,E4,0,0,0,3
36,9.75,10.0,D4,0,0,0,2
37,10.0,10.25,C4,0,0,0,1
38,10.25,10.5,D4,0,0,0,2
39,10.5,10.75,E4,0,0,0,3
40,10.75,11.0,F4,0,0,0,4
41,11.0,11.25,G4,0,0,0,5
42,11.25,11.5,F4,0,0,0,4
43,11.5,11.75,E4,0,0,0,3
44,11.75,12.0,D4,0,0,0,2
45,12.0,12.25,C4,0,0,0,1
46,12.25,12.5,D4,0,0,0,2
47,12.5,12.75,E4,0,0,0,3
48,12.75,13.0,F4,0,0,0,4
49,13.0,13.25,G4,0,0,0,5
50,13.25,13.5,F4,0,0,0,4
51,13.5,13.75,E4,0,0,0,3
52,13.75,14.0,D4,0,0,0,2
53,14.0,14.25,C4,0,0,0,1
54,14.25,14.5,D4,0,0,0,2
55,14.5,14.75,E4,0,0,0,3
56,14.75,15.0,F4,0,0,0,4
57,15.0,15.25,G4,0,0,0,5
58,15.25,15.5,F4,0,0,0,4
59,15.5,15.75,E4,0,0,0,3
60,15.75,16.0,D4,0,0,0,2
61,16.0,16.25,C4,0,0,0,1
62,16.25,16.5,D4,0,0,0,2
63,16.5,16.75,E4,0,0,0,3
64,16.75,17.0,F4,0,0,0,4
65,17.0,18.0,G4,0,0,0,5
66,18.0,18.25,C4,0,0,0,1
67,18.25,18.5,D4,0,0,0,2
68,18.5,18.75,F4,0,0,0,4
69,18.75,19.0,E4,0,0,0,3
70,19.0,19.25,G4,0,0,0,5
71,19.25,19.5,F4,0,0,0,4
72,19.5,19.75,D4,0,0,0,2
73,19.75,20.0,E4,0,0,0,3
74,20.0,20.25,C4,0,0,0,1
75,20.25,20.5,D4,0,0,0,2
76,20.5,20.75,F4,0,0,0,4
77,20.75,21.0,E4,0,0,0,3
78,21.0,21.25,G4,0,0,0,5
79,21.25,21.5,F4,0,0,0,4
80,21.5,21.75,D4,0,0,0,2
81,21.75,22.0,E4,0,0,0,3
82,22.0,23.0,C4,0,0,0,1
83,23.0,23.25,G4,0,0,0,5
84,23.25,23.5,F4,0,0,0,4
85,23.5,23.75,D4,0,0,0,2
86,23.75,24.0,E4,0,0,0,3
87,24.0,24.25,C4,0,0,0,1
88,24.25,24.5,D4,0,0,0,2
89,24.5,24.75,F4,0,0,0,4
90,24.75,25.0,E4,0,0,0,3
91,25.0,25.25,G4,0,0,0,5
92,25.25,25.5,F4,0,0,0,4
93,25.5,25.75,D4,0,0,0,2
94,25.75,26.0,E4,0,0,0,3
95,26.0,26.25,C4,0,0,0,1
96,26.25,26.5,D4,0,0,0,2
97,26.5,26.75,F4,0,0,0,4
98,26.75,27.0,E4,0,0,0,3
99,27.0,28.0,G4,0,0,0,5
100,28.0,28.25,C4,0,0,0,1
101,28.25,28.5,E4,0,0,0,3
102,28.5,28.75,D4,0,0,0,2
103,28.75,29.0,F4,0,0,0,4
104,29.0,29.25,E4,0,0,0,3
105,29.25,29.5,G4,0,0,0,5
106,29.5,29.75,F4,0,0,0,4
107,29.75,30.0,D4,0,0,0,2
108,30.0,30.25,C4,0,0,0,1
109,30.25,30.5,E4,0,0,0,3
110,30.5,30.75,D4,0,0,0,2
111,30.75,31.0,F4,0,0,0,4
112,31.0,31.25,E4,0,0,0,3
113,31.25,31.5,G4,0,0,0,5
114,31.5,31.75,F4,0,0,0,4
115,31.75,32.0,D4,0,0,0,2
116,32.0,33.0,C4,0,0,0,1
117,33.0,33.25,G4,0,0,0,5
118,33.25,33.5,E4,0,0,0,3
119,33.5,33.75,F4,0,0,0,4
120,33.75,34.0,D4,0,0,0,2
121,34.0,34.25,E4,0,0,0,3
122,34.25,34.5,C4,0,0,0,1
123,34.5,34.75,D4,0,0,0,2
124,34.75,35.0,F4,0,0,0,4
125,35.0,35.25,G4,0,0,0,5
126,35.25,35.5,E4,0,0,0,3
127,35.5,35.75,F4,0,0,0,4
128,35.75,36.0,D4,0,0,0,2
129,36.0,36.25,E4,0,0,0,3
130,36.25,36.5,C4,0,0,0,1
131,36.5,36.75,D4,0,0,0,2
132,36.75,37.0,F4,0,0,0,4
133,37.0,38.0,G4,0,0,0,5
134,38.0,38.25,C4,0,0,0,1
135,38.25,38.5,F4,0,0,0,4
136,38.5,38.75,D4,0,0,0,2
137,38.75,39.0,G4,0,0,0,5
138,39.0,39.25,E4,0,0,0,3
139,39.25,39.5,D4,0,0,0,2
140,39.5,39.75,F4,0,0,0,4
141,39.75,40.0,E4,0,0,0,3
142,40.0,40.25,C4,0,0,0,1
143,40.25,40.5,F4,0,0,0,4
144,40.5,40.75,D4,0,0,0,2
145,40.75,41.0,G4,0,0,0,5
146,41.0,41.25,E4,0,0,0,3
147,41.25,41.5,D4,0,0,0,2
148,41.5,41.75,F4,0,0,0,4
149,41.75,42.0,E4,0,0,0,3
150,42.0,43.0,C4,0,0,0,1
151,43.0,43.25,G4,0,0,0,5
152,43.25,43.5,D4,0,0,0,2
153,43.5,43.75,F4,0,0,0,4
154,43.75,44.0,C4,0,0,0,1
155,44.0,44.25,E4,0,0,0,3
156,44.25,44.5,F4,0,0,0,4
157,44.5,44.75,D4,0,0,0,2
158,44.75,45.0,E4,0,0,0,3
159,45.0,45.25,G4,0,0,0,5
160,45.25,45.5,D4,0,0,0,2
161,45.5,45.75,F4,0,0,0,4
162,45.75,46.0,C4,0,0,0,1
163,46.0,46.25,E4,0,0,0,3
164,46.25,46.5,F4,0,0,0,4
165,46.5,46.75,D4,0,0,0,2
166,46.75,47.0,E4,0,0,0,3
167,47.0,48.0,C4,0,0,0,1
168,48.0,48.25,C4,0,0,0,1
169,48.25,48.5,G4,0,0,0,5
170,48.5,48.75,F4,0,0,0,4
171,48.75,49.0,G4,0,0,0,5
172,49.0,49.25,E4,0,0,0,3
173,49.25,49.5,F4,0,0,0,4
174,49.5,49.75,D4,0,0,0,2
175,49.75,50.0,E4,0,0,0,3
176,50.0,50.25,C4,0,0,0,1
177,50.25,50.5,G4,0,0,0,5
178,50.5,50.75,F4,0,0,0,4
179,50.75,51.0,G4,0,0,0,5
180,51.0,51.25,E4,0,0,0,3
181,51.25,51.5,F4,0,0,0,4
182,51.5,51.75,D4,0,0,0,2
183,51.75,52.0,E4,0,0,0,3
184,52.0,53.0,C4,0,0,0,1
185,53.0,53.25,G4,0,0,0,5
186,53.25,53.5,C4,0,0,0,1
187,53.5,53.75,D4,0,0,0,2
188,53.75,54.0,C4,0,0,0,1
189,54.0,54.25,E4,0,0,0,3
190,54.25,54.5,D4,0,0,0,2
191,54.5,54.75,F4,0,0,0,4
192,54.75,55.0,E4,0,0,0,3
193,55.0,55.25,G4,0,0,0,5
194,55.25,55.5,C4,0,0,0,1
195,55.5,55.75,D4,0,0,0,2
196,55.75,56.0,C4,0,0,0,1
197,56.0,56.25,E4,0,0,0,3
198,56.25,56.5,D4,0,0,0,2
199,56.5,56.75,F4,0,0,0,4
200,56.75,57.0,E4,0,0,0,3
201,57.0,58.0,G4,0,0,0,5
202,58.0,58.25,C4,0,0,0,1
203,58.25,58.5,G4,0,0,0,5
204,58.5,58.75,E4,0,0,0,3
205,58.75,59.0,D4,0,0,0,2
206,59.0,59.25,E4,0,0,0,3
207,59.25,59.5,G4,0,0,0,5
208,59.5,59.75,F4,0,0,0,4
209,59.75,60.0,D4,0,0,0,2
210,60.0,60.25,C4,0,0,0,1
211,60.25,60.5,G4,0,0,0,5
212,60.5,60.75,E4,0,0,0,3
213,60.75,61.0,D4,0,0,0,2
214,61.0,61.25,E4,0,0,0,3
215,61.25,61.5,G4,0,0,0,5
216,61.5,61.75,F4,0,0,0,4
217,61.75,62.0,D4,0,0,0,2
218,62.0,63.0,C4,0,0,0,1
219,63.0,63.25,G4,0,0,0,5
220,63.25,63.5,C4,0,0,0,1
221,63.5,63.75,E4,0,0,0,3
222,63.75,64.0,F4,0,0,0,4
223,64.0,64.25,G4,0,0,0,5
224,64.25,64.5,E4,0,0,0,3
225,64.5,64.75,D4,0,0,0,2
226,64.75,65.0,F4,0,0,0,4
227,65.0,65.25,G4,0,0,0,5
228,65.25,65.5,C4,0,0,0,1
229,65.5,65.75,E4,0,0,0,3
230,65.75,66.0,F4,0,0,0,4
231,66.0,66.25,G4,0,0,0,5
232,66.25,66.5,E4,0,0,0,3
233,66.5,66.75,D4,0,0,0,2
234,66.75,67.0,F4,0,0,0,4
235,67.0,68.0,G4,0,0,0,5
236,68.0,68.25,E4,0,0,0,3
237,68.25,68.5,C4,0,0,0,1
238,68.5,68.75,F4,0,0,0,4
239,68.75,69.0,D4,0,0,0,2
240,69.0,69.25,G4,0,0,0,5
241,69.25,69.5,E4,0,0,0,3
242,69.5,69.75,D4,0,0,0,2
243,69.75,70.0,F4,0,0,0,4
244,70.0,70.25,E4,0,0,0,3
245,70.25,70.5,C4,0,0,0,1
246,70.5,70.75,F4,0,0,0,4
247,70.75,71.0,D4,0,0,0,2
248,71.0,71.25,G4,0,0,0,5
249,71.25,71.5,E4,0,0,0,3
250,71.5,71.75,D4,0,0,0,2
251,71.75,72.0,F4,0,0,0,4
252,72.0,73.0,G4,0,0,0,5
253,73.0,73.25,E4,0,0,0,3
254,73.25,73.5,G4,0,0,0,5
255,73.5,73.75,D4,0,0,0,2
256,73.75,74.0,F4,0,0,0,4
257,74.0,74.25,E4,0,0,0,3
258,74.25,74.5,C4,0,0,0,1
259,74.5,74.75,D4,0,0,0,2
260,74.75,75.0,F4,0,0,0,4
261,75.0,75.25,E4,0,0,0,3
262,75.25,75.5,G4,0,0,0,5
263,75.5,75.75,D4,0,0,0,2
264,75.75,76.0,F4,0,0,0,4
265,76.0,76.25,E4,0,0,0,3
266,76.25,76.5,C4,0,0,0,1
267,76.5,76.75,D4,0,0,0,2
268,76.75,77.0,F4,0,0,0,4
269,77.0,78.0,G4,0,0,0,5
270,78.0,78.25,C4,0,0,0,1
271,78.25,78.5,E4,0,0,0,3
272,78.5,78.75,F4,0,0,0,4
273,78.75,79.0,D4,0,0,0,2
274,79.0,79.25,G4,0,0,0,5
275,79.25,79.5,E4,0,0,0,3
276,79.5,79.75,D4,0,0,0,2
277,79.75,80.0,F4,0,0,0,4
278,80.0,80.25,C4,0,0,0,1
279,80.25,80.5,E4,0,0,0,3
280,80.5,80.75,F4,0,0,0,4
281,80.75,81.0,D4,0,0,0,2
282,81.0,81.25,G4,0,0,0,5
283,81.25,81.5,E4,0,0,0,3
284,81.5,81.75,D4,0,0,0,2
285,81.75,82.0,F4,0,0,0,4
286,82.0,83.0,G4,0,0,0,5
287,83.0,83.25,G4,0,0,0,5
288,83.25,83.5,E4,0,0,0,3
289,83.5,83.75,D4,0,0,0,2
290,83.75,84.0,F4,0,0,0,4
291,84.0,84.25,C4,0,0,0,1
292,84.25,84.5,E4,0,0,0,3
293,84.5,84.75,F4,0,0,0,4
294,84.75,85.0,D4,0,0,0,2
295,85.0,85.25,G4,0,0,0,5
296,85.25,85.5,E4,0,0,0,3
297,85.5,85.75,D4,0,0,0,2
298,85.75,86.0,F4,0,0,0,4
299,86.0,86.25,C4,0,0,0,1
300,86.25,86.5,E4,0,0,0,3
301,86.5,86.75,F4,0,0,0,4
302,86.75,87.0,D4,0,0,0,2
303,87.0,88.0,C4,0,0,0,1
304,88.0,88.25,C4,0,0,0,1
305,88.25,88.5,D4,0,0,0,2
306,88.5,88.75,C4,0,0,0,1
307,88.75,89.0,D4,0,0,0,2
308,89.0,89.25,C4,0,0,0,1
309,89.25,89.5,D4,0,0,0,2
310,89.5,89.75,C4,0,0,0,1
311,89.75,90.0,D4,0,0,0,2
312,90.0,90.25,C4,0,0,0,1
313,90.25,90.5,D4,0,0,0,2
314,90.5,90.75,C4,0,0,0,1
315,90.75,91.0,D4,0,0,0,2
316,91.0,91.25,C4,0,0,0,1
317,91.25,91.5,D4,0,0,0,2
318,91.5,91.75,E4,0,0,0,3
319,91.75,92.0,F4,0,0,0,4
320,92.0,92.25,G4,0,0,0,5
321,92.25,92.5,F4,0,0,0,4
322,92.5,92.75,G4,0,0,0,5
323,92.75,93.0,F4,0,0,0,4
324,93.0,93.25,G4,0,0,0,5
325,93.25,93.5,F4,0,0,0,4
326,93.5,93.75,G4,0,0,0,5
327,93.75,94.0,F4,0,0,0,4
328,94.0,94.25,G4,0,0,0,5
329,94.25,94.5,F4,0,0,0,4
330,94.5,94.75,G4,0,0,0,5
331,94.75,95.0,F4,0,0,0,4
332,95.0,95.25,G4,0,0,0,5
333,95.25,95.5,F4,0,0,0,4
334,95.5,95.75,E4,0,0,0,3
335,95.75,96.0,D4,0,0,0,2
336,96.0,97.0,C4,0,0,0,1
337,97.0,97.25,C4,0,0,0,1
338,97.25,97.5,D4,0,0,0,2
339,97.5,97.75,E4,0,0,0,3
340,97.75,98.0,D4,0,0,0,2
341,98.0,98.25,E4,0,0,0,3
342,98.25,98.5,D4,0,0,0,2
343,98.5,98.75,E4,0,0,0,3
344,98.75,99.0,D4,0,0,0,2
345,99.0,99.25,E4,0,0,0,3
346,99.25,99.5,D4,0,0,0,2
347,99.5,99.75,E4,0,0,0,3
348,99.75,100.0,D4,0,0,0,2
349,100.0,100.25,E4,0,0,0,3
350,100.25,100.5,D4,0,0,0,2
351,100.5,100.75,E4,0,0,0,3
352,100.75,101.0,F4,0,0,0,4
353,101.0,101.25,G4,0,0,0,5
354,101.25,101.5,F4,0,0,0,4
355,101.5,101.75,E4,0,0,0,3
356,101.75,102.0,F4,0,0,0,4
357,102.0,102.25,E4,0,0,0,3
358,102.25,102.5,F4,0,0,0,4
359,102.5,102.75,E4,0,0,0,3
360,102.75,103.0,F4,0,0,0,4
361,103.0,103.25,E4,0,0,0,3
362,103.25,103.5,F4,0,0,0,4
363,103.5,103.75,E4,0,0,0,3
364,103.75,104.0,F4,0,0,0,4
365,104.0,104.25,E4,0,0,0,3
366,104.25,104.5,F4,0,0,0,4
367,104.5,104.75,E4,0,0,0,3
368,104.75,105.0,D4,0,0,0,2
369,105.0,106.0,C4,0,0,0,1
370,106.0,106.25,D4,0,0,0,2
371,106.25,106.5,C4,0,0,0,1
372,106.5,106.75,D4,0,0,0,2
373,106.75,107.0,C4,0,0,0,1
374,107.0,107.25,E4,0,0,0,3
375,107.25,107.5,D4,0,0,0,2
376,107.5,107.75,E4,0,0,0,3
377,107.75,108.0,D4,0,0,0,2
378,108.0,108.25,F4,0,0,0,4
379,108.25,108.5,E4,0,0,0,3
380,108.5,108.75,F4,0,0,0,4
381,108.75,109.0,E4,0,0,0,3
382,109.0,109.25,G4,0,0,0,5
383,109.25,109.5,F4,0,0,0,4
384,109.5,109.75,G4,0,0,0,5
385,109.75,110.0,F4,0,0,0,4
386,110.0,110.25,E4,0,0,0,3
387,110.25,110.5,F4,0,0,0,4
388,110.5,110.75,E4,0,0,0,3
389,110.75,111.0,F4,0,0,0,4
390,111.0,111.25,D4,0,0,0,2
391,111.25,111.5,E4,0,0,0,3
392,111.5,111.75,D4,0,0,0,2
393,111.75,112.0,E4,0,0,0,3
394,112.0,113.0,C4,0,0,0,1
395,113.0,113.25,D4,0,0,0,2
396,113.25,113.5,C4,0,0,0,1
397,113.5,113.75,E4,0,0,0,3
398,113.75,114.0,D4,0,0,0,2
399,114.0,114.25,F4,0,0,0,4
400,114.25,114.5,E4,0,0,0,3
401,114.5,114.75,G4,0,0,0,5
402,114.75,115.0,F4,0,0,0,4
403,115.0,115.25,E4,0,0,0,3
404,115.25,115.5,F4,0,0,0,4
405,115.5,115.75,D4,0,0,0,2
406,115.75,116.0,E4,0,0,0,3
407,116.0,117.0,C4,0,0,0,1
408,117.0,117.25,C4,0,0,0,2
409,117.25,117.5,E4,0,0,0,3
410,117.5,117.75,D4,0,0,0,2
411,117.75,118.0,E4,0,0,0,3
412,118.0,118.25,C4,0,0,0,1
413,118.25,118.5,D4,0,0,0,2
414,118.5,118.75,E4,0,0,0,3
415,118.75,119.0,F4,0,0,0,4
416,119.0,119.25,G4,0,0,0,5
417,119.25,119.5,E4,0,0,0,3
418,119.5,119.75,F4,0,0,0,4
419,119.75,120.0,E4,0,0,0,3
420,120.0,120.25,G4,0,0,0,5
421,120.25,120.5,F4,0,0,0,4
422,120.5,120.75,E4,0,0,0,3
423,120.75,121.0,D4,0,0,0,2
424,121.0,122.0,C4,0,0,0,1
425,122.0,122.25,G4,0,0,0,5
426,122.25,122.5,E4,0,0,0,3
427,122.5,122.75,F4,0,0,0,4
428,122.75,123.0,E4,0,0,0,3
429,123.0,123.25,G4,0,0,0,5
430,123.25,123.5,F4,0,0,0,4
431,123.5,123.75,E4,0,0,0,3
432,123.75,124.0,D4,0,0,0,2
433,124.0,124.25,C4,0,0,0,1
434,124.25,124.5,E4,0,0,0,3
435,124.5,124.75,D4,0,0,0,2
436,124.75,125.0,E4,0,0,0,3
437,125.0,125.25,C4,0,0,0,1
438,125.25,125.5,D4,0,0,0,2
439,125.5,125.75,E4,0,0,0,3
440,125.75,126.0,F4,0,0,0,4
441,126.0,127.0,G4,0,0,0,5
442,127.0,127.25,C4,0,0,0,2
443,127.25,127.5,D4,0,0,0,3
444,127.5,127.75,E4,0,0,0,4
445,127.75,128.0,D4,0,0,0,3
446,128.0,128.25,C4,0,0,0,2
447,128.25,128.5,D4,0,0,0,3
448,128.5,128.75,E4,0,0,0,4
449,128.75,129.0,D4,0,0,0,3
450,129.0,129.25,C4,0,0,0,2
451,129.25,129.5,D4,0,0,0,3
452,129.5,129.75,E4,0,0,0,4
453,129.75,130.0,D4,0,0,0,3
454,130.0,130.25,C4,0,0,0,1
455,130.25,130.5,D4,0,0,0,2
456,130.5,130.75,E4,0,0,0,3
457,130.75,131.0,F4,0,0,0,4
458,131.0,131.25,G4,0,0,0,5
459,131.25,131.5,F4,0,0,0,4
460,131.5,131.75,E4,0,0,0,3
461,131.75,132.0,F4,0,0,0,4
462,132.0,132.25,G4,0,0,0,5
463,132.25,132.5,F4,0,0,0,4
464,132.5,132.75,E4,0,0,0,3
465,132.75,133.0,F4,0,0,0,4
466,133.0,133.25,G4,0,0,0,5
467,133.25,133.5,F4,0,0,0,4
468,133.5,133.75,E4,0,0,0,3
469,133.75,134.0,F4,0,0,0,4
470,134.0,134.25,G4,0,0,0,5
471,134.25,134.5,F4,0,0,0,4
472,134.5,134.75,E4,0,0,0,3
473,134.75,135.0,D4,0,0,0,2
474,135.0,136.0,C4,0,0,0,1
475,136.0,136.25,C4,0,0,0,2
476,136.25,136.5,E4,0,0,0,4
477,136.5,136.75,D4,0,0,0,3
478,136.75,137.0,E4,0,0,0,4
479,137.0,137.25,C4,0,0,0,2
480,137.25,137.5,E4,0,0,0,4
481,137.5,137.75,D4,0,0,0,3
482,137.75,138.0,E4,0,0,0,4
483,138.0,138.25,C4,0,0,0,2
484,138.25,138.5,E4,0,0,0,3
485,138.5,138.75,D4,0,0,0,2
486,138.75,139.0,E4,0,0,0,3
487,139.0,139.25,C4,0,0,0,1
488,139.25,139.5,D4,0,0,0,2
489,139.5,139.75,E4,0,0,0,3
490,139.75,140.0,F4,0,0,0,4
491,140.0,140.25,G4,0,0,0,5
492,140.25,140.5,E4,0,0,0,3
493,140.5,140.75,F4,0,0,0,4
494,140.75,141.0,E4,0,0,0,3
495,141.0,141.25,G4,0,0,0,5
496,141.25,141.5,E4,0,0,0,3
497,141.5,141.75,F4,0,0,0,4
498,141.75,142.0,E4,0,0,0,3
499,142.0,142.25,G4,0,0,0,5
500,142.25,142.5,E4,0,0,0,3
501,142.5,142.75,F4,0,0,0,4
502,142.75,143.0,E4,0,0,0,3
503,143.0,143.25,G4,0,0,0,5
504,143.25,143.5,F4,0,0,0,4
505,143.5,143.75,E4,0,0,0,3
506,143.75,144.0,D4,0,0,0,2
507,144.0,145.0,C4,0,0,0,1
508,145.0,145.25,D4,0,0,0,3
509,145.25,145.5,E4,0,0,0,4
510,145.5,145.75,C4,0,0,0,2
511,145.75,146.0,E4,0,0,0,4
512,146.0,146.25,D4,0,0,0,3
513,146.25,146.5,E4,0,0,0,4
514,146.5,146.75,C4,0,0,0,2
515,146.75,147.0,E4,0,0,0,4
516,147.0,147.25,D4,0,0,0,3
517,147.25,147.5,E4,0,0,0,4
518,147.5,147.75,C4,0,0,0,2
519,147.75,148.0,E4,0,0,0,4
520,148.0,148.25,F4,0,0,0,5
521,148.25,148.5,E4,0,0,0,3
522,148.5,148.75,F4,0,0,0,4
523,148.75,149.0,D4,0,0,0,2
524,149.0,149.25,F4,0,0,0,4
525,149.25,149.5,G4,0,0,0,5
526,149.5,149.75,E4,0,0,0,3
527,149.75,150.0,G4,0,0,0,5
528,150.0,150.25,F4,0,0,0,4
529,150.25,150.5,G4,0,0,0,5
530,150.5,150.75,E4,0,0,0,3
531,150.75,151.0,G4,0,0,0,5
532,151.0,151.25,F4,0,0,0,4
533,151.25,151.5,G4,0,0,0,5
534,151.5,151.75,E4,0,0,0,3
535,151.75,152.0,G4,0,0,0,5
536,152.0,152.25,D4,0,0,0,2
537,152.25,152.5,E4,0,0,0,3
538,152.5,152.75,D4,0,0,0,2
539,152.75,153.0,F4,0,0,0,4
540,153.0,154.0,E4,0,0,0,3
541,154.0,154.25,C4,0,0,0,2
542,154.25,154.5,D4,0,0,0,3
543,154.5,154.75,C4,0,0,0,2
544,154.75,155.0,E4,0,0,0,4
545,155.0,155.25,D4,0,0,0,3
546,155.25,155.5,E4,0,0,0,4
547,155.5,155.75,D4,0,0,0,3
548,155.75,156.0,F4,0,0,0,5
549,156.0,156.25,E4,0,0,0,3
550,156.25,156.5,F4,0,0,0,4
551,156.5,156.75,E4,0,0,0,3
552,156.75,157.0,G4,0,0,0,5
553,157.0,157.25,D4,0,0,0,2
554,157.25,157.5,E4,0,0,0,3
555,157.5,157.75,D4,0,0,0,2
556,157.75,158.0,F4,0,0,0,4
557,158.0,159.0,C4,0,0,0,1
558,159.0,159.25,G4,0,0,0,5
559,159.25,159.5,F4,0,0,0,4
560,159.5,159.75,G4,0,0,0,5
561,159.75,160.0,E4,0,0,0,3
562,160.0,160.25,F4,0,0,0,4
563,160.25,160.5,E4,0,0,0,3
564,160.5,160.75,F4,0,0,0,4
565,160.75,161.0,D4,0,0,0,2
566,161.0,161.25,E4,0,0,0,3
567,161.25,161.5,D4,0,0,0,2
568,161.5,161.75,E4,0,0,0,3
569,161.75,162.0,C4,0,0,0,2
570,162.0,162.25,F4,0,0,0,5
571,162.25,162.5,E4,0,0,0,4
572,162.5,162.75,F4,0,0,0,5
573,162.75,163.0,D4,0,0,0,3
574,163.0,164.0,C4,0,0,0,2
575,164.0,164.25,D4,0,0,0,3
576,164.25,164.5,C4,0,0,0,2
577,164.5,164.75,E4,0,0,0,4
578,164.75,165.0,C4,0,0,0,2
579,165.0,165.25,E4,0,0,0,4
580,165.25,165.5,D4,0,0,0,3
581,165.5,165.75,F4,0,0,0,5
582,165.75,166.0,D4,0,0,0,3
583,166.0,166.25,F4,0,0,0,5
584,166.25,166.5,E4,0,0,0,3
585,166.5,166.75,G4,0,0,0,5
586,166.75,167.0,E4,0,0,0,3
587,167.0,167.25,F4,0,0,0,4
588,167.25,167.5,E4,0,0,0,3
589,167.5,167.75,F4,0,0,0,4
590,167.75,168.0,G4,0,0,0,5
591,168.0,169.0,C4,0,0,0,1
592,169.0,169.25,F4,0,0,0,4
593,169.25,169.5,G4,0,0,0,5
594,169.5,169.75,E4,0,0,0,3
595,169.75,170.0,G4,0,0,0,5
596,170.0,170.25,E4,0,0,0,3
597,170.25,170.5,F4,0,0,0,4
598,170.5,170.75,D4,0,0,0,2
599,170.75,171.0,F4,0,0,0,4
600,171.0,171.25,D4,0,0,0,3
601,171.25,171.5,E4,0,0,0,4
602,171.5,171.75,C4,0,0,0,2
603,171.75,172.0,E4,0,0,0,4
604,172.0,172.25,D4,0,0,0,3
605,172.25,172.5,E4,0,0,0,4
606,172.5,172.75,D4,0,0,0,3
607,172.75,173.0,C4,0,0,0,2
608,173.0,174.0,E4,0,0,0,4
609,174.0,174.25,C4,0,0,0,2
610,174.25,174.5,D4,0,0,0,3
611,174.5,174.75,E4,0,0,0,4
612,174.75,175.0,C4,0,0,0,2
613,175.0,175.25,D4,0,0,0,3
614,175.25,175.5,E4,0,0,0,4
615,175.5,175.75,F4,0,0,0,5
616,175.75,176.0,D4,0,0,0,2
617,176.0,176.25,E4,0,0,0,3
618,176.25,176.5,F4,0,0,0,4
619,176.5,176.75,G4,0,0,0,5
620,176.75,177.0,E4,0,0,0,3
621,177.0,177.25,D4,0,0,0,2
622,177.25,177.5,E4,0,0,0,3
623,177.5,177.75,F4,0,0,0,4
624,177.75,178.0,D4,0,0,0,2
625,178.0,179.0,C4,0,0,0,1
626,179.0,179.25,G4,0,0,0,5
627,179.25,179.5,F4,0,0,0,4
628,179.5,179.75,E4,0,0,0,3
629,179.75,180.0,G4,0,0,0,5
630,180.0,180.25,F4,0,0,0,4
631,180.25,180.5,E4,0,0,0,3
632,180.5,180.75,D4,0,0,0,2
633,180.75,181.0,F4,0,0,0,4
634,181.0,181.25,E4,0,0,0,3
635,181.25,181.5,D4,0,0,0,2
636,181.5,181.75,C4,0,0,0,1
637,181.75,182.0,E4,0,0,0,3
638,182.0,182.25,F4,0,0,0,4
639,182.25,182.5,E4,0,0,0,3
640,182.5,182.75,D4,0,0,0,2
641,182.75,183.0,F4,0,0,0,4
642,183.0,184.0,G4,0,0,0,5
643,184.0,184.25,E4,0,0,0,3
644,184.25,184.5,F4,0,0,0,4
645,184.5,184.75,G4,0,0,0,5
646,184.75,185.0,E4,0,0,0,3
647,185.0,185.25,D4,0,0,0,2
648,185.25,185.5,E4,0,0,0,3
649,185.5,185.75,F4,0,0,0,4
650,185.75,186.0,D4,0,0,0,3
651,186.0,186.25,C4,0,0,0,2
652,186.25,186.5,D4,0,0,0,3
653,186.5,186.75,E4,0,0,0,4
654,186.75,187.0,C4,0,0,0,2
655,187.0,187.25,D4,0,0,0,3
656,187.25,187.5,E4,0,0,0,4
657,187.5,187.75,F4,0,0,0,5
658,187.75,188.0,D4,0,0,0,3
659,188.0,189.0,C4,0,0,0,2
660,189.0,189.25,G4,0,0,0,5
661,189.25,189.5,F4,0,0,0,4
662,189.5,189.75,E4,0,0,0,3
663,189.75,190.0,D4,0,0,0,2
664,190.0,190.25,E4,0,0,0,3
665,190.25,190.5,D4,0,0,0,2
666,190.5,190.75,E4,0,0,0,3
667,190.75,191.0,F4,0,0,0,4
668,191.0,191.25,G4,0,0,0,5
669,191.25,191.5,F4,0,0,0,4
670,191.5,191.75,E4,0,0,0,3
671,191.75,192.0,D4,0,0,0,2
672,192.0,192.25,E4,0,0,0,3
673,192.25,192.5,D4,0,0,0,2
674,192.5,192.75,E4,0,0,0,3
675,192.75,193.0,F4,0,0,0,4
676,193.0,194.0,G4,0,0,0,5
677,194.0,194.25,E4,0,0,0,3
678,194.25,194.5,G4,0,0,0,5
679,194.5,194.75,F4,0,0,0,4
680,194.75,195.0,D4,0,0,0,2
681,195.0,195.25,E4,0,0,0,3
682,195.25,195.5,G4,0,0,0,5
683,195.5,195.75,F4,0,0,0,4
684,195.75,196.0,D4,0,0,0,2
685,196.0,196.25,E4,0,0,0,3
686,196.25,196.5,G4,0,0,0,5
687,196.5,196.75,F4,0,0,0,4
688,196.75,197.0,D4,0,0,0,2
689,197.0,197.25,E4,0,0,0,3
690,197.25,197.5,G4,0,0,0,5
691,197.5,197.75,F4,0,0,0,4
692,197.75,198.0,D4,0,0,0,2
693,198.0,199.0,E4,0,0,0,3
694,199.0,199.25,E4,0,0,0,3
695,199.25,199.5,F4,0,0,0,4
696,199.5,199.75,D4,0,0,0,2
697,199.75,200.0,G4,0,0,0,5
698,200.0,200.25,E4,0,0,0,3
699,200.25,200.5,F4,0,0,0,4
700,200.5,200.75,D4,0,0,0,2
701,200.75,201.0,G4,0,0,0,5
702,201.0,201.25,E4,0,0,0,3
703,201.25,201.5,F4,0,0,0,4
704,201.5,201.75,D4,0,0,0,2
705,201.75,202.0,G4,0,0,0,5
706,202.0,202.25,E4,0,0,0,3
707,202.25,202.5,F4,0,0,0,4
708,202.5,202.75,D4,0,0,0,2
709,202.75,203.0,G4,0,0,0,5
710,203.0,204.0,E4,0,0,0,3
711,204.0,204.25,E4,0,0,0,3
712,204.25,204.5,F4,0,0,0,4
713,204.5,204.75,E4,0,0,0,3
714,204.75,205.0,F4,0,0,0,4
715,205.0,205.25,D4,0,0,0,2
716,205.25,205.5,G4,0,0,0,5
717,205.5,205.75,D4,0,0,0,2
718,205.75,206.0,G4,0,0,0,5
719,206.0,206.25,E4,0,0,0,3
720,206.25,206.5,F4,0,0,0,4
721,206.5,206.75,E4,0,0,0,3
722,206.75,207.0,F4,0,0,0,4
723,207.0,207.25,D4,0,0,0,2
724,207.25,207.5,G4,0,0,0,5
725,207.5,207.75,D4,0,0,0,2
726,207.75,208.0,G4,0,0,0,5
727,208.0,209.0,E4,0,0,0,3
728,209.0,209.25,E4,0,0,0,3
729,209.25,209.5,D4,0,0,0,2
730,209.5,209.75,F4,0,0,0,4
731,209.75,210.0,E4,0,0,0,3
732,210.0,210.25,D4,0,0,0,2
733,210.25,210.5,G4,0,0,0,5
734,210.5,210.75,F4,0,0,0,4
735,210.75,211.0,G4,0,0,0,5
736,211.0,211.25,E4,0,0,0,3
737,211.25,211.5,D4,0,0,0,2
738,211.5,211.75,F4,0,0,0,4
739,211.75,212.0,E4,0,0,0,3
740,212.0,212.25,D4,0,0,0,2
741,212.25,212.5,G4,0,0,0,5
742,212.5,212.75,F4,0,0,0,4
743,212.75,213.0,G4,0,0,0,5
744,213.0,214.0,E4,0,0,0,3
745,214.0,214.25,E4,0,0,0,3
746,214.25,214.5,G4,0,0,0,5
747,214.5,214.75,D4,0,0,0,2
748,214.75,215.0,F4,0,0,0,4
749,215.0,215.25,E4,0,0,0,3
750,215.25,215.5,G4,0,0,0,5
751,215.5,215.75,D4,0,0,0,2
752,215.75,216.0,F4,0,0,0,4
753,216.0,216.25,E4,0,0,0,3
754,216.25,216.5,G4,0,0,0,5
755,216.5,216.75,D4,0,0,0,2
756,216.75,217.0,F4,0,0,0,4
757,217.0,217.25,E4,0,0,0,3
758,217.25,217.5,G4,0,0,0,5
759,217.5,217.75,D4,0,0,0,2
760,217.75,218.0,F4,0,0,0,4
761,218.0,219.0,E4,0,0,0,3
762,219.0,219.25,E4,0,0,0,3
763,219.25,219.5,D4,0,0,0,2
764,219.5,219.75,E4,0,0,0,3
765,219.75,220.0,D4,0,0,0,2
766,220.0,220.25,F4,0,0,0,4
767,220.25,220.5,E4,0,0,0,3
768,220.5,220.75,F4,0,0,0,4
769,220.75,221.0,E4,0,0,0,3
770,221.0,221.25,G4,0,0,0,5
771,221.25,221.5,F4,0,0,0,4
772,221.5,221.75,G4,0,0,0,5
773,221.75,222.0,F4,0,0,0,4
774,222.0,222.25,E4,0,0,0,3
775,222.25,222.5,F4,0,0,0,4
776,222.5,222.75,E4,0,0,0,3
777,222.75,223.0,F4,0,0,0,4
778,223.0,224.0,E4,0,0,0,3
779,224.0,224.25,E4,0,0,0,3
780,224.25,224.5,G4,0,0,0,5
781,224.5,224.75,F4,0,0,0,4
782,224.75,225.0,C4,0,0,0,1
783,225.0,225.25,E4,0,0,0,3
784,225.25,225.5,G4,0,0,0,5
785,225.5,225.75,F4,0,0,0,4
786,225.75,226.0,C4,0,0,0,1
787,226.0,226.25,E4,0,0,0,3
788,226.25,226.5,G4,0,0,0,5
789,226.5,226.75,F4,0,0,0,4
790,226.75,227.0,C4,0,0,0,1
791,227.0,227.25,E4,0,0,0,3
792,227.25,227.5,G4,0,0,0,5
793,227.5,227.75,F4,0,0,0,4
794,227.75,228.0,C4,0,0,0,1
795,228.0,229.0,E4,0,0,0,3
796,229.0,229.25,F4,0,0,0,4
797,229.25,229.5,E4,0,0,0,3
798,229.5,229.75,G4,0,0,0,5
799,229.75,230.0,C4,0,0,0,1
800,230.0,230.25,F4,0,0,0,4
801,230.25,230.5,E4,0,0,0,3
802,230.5,230.75,G4,0,0,0,5
803,230.75,231.0,C4,0,0,0,1
804,231.0,231.25,F4,0,0,0,4
805,231.25,231.5,E4,0,0,0,3
806,231.5,231.75,G4,0,0,0,5
807,231.75,232.0,C4,0,0,0,1
808,232.0,232.25,F4,0,0,0,4
809,232.25,232.5,E4,0,0,0,3
810,232.5,232.75,G4,0,0,0,5
811,232.75,233.0,C4,0,0,0,1
812,233.0,234.0,E4,0,0,0,3
813,234.0,234.25,F4,0,0,0,4
814,234.25,234.5,C4,0,0,0,1
815,234.5,234.75,G4,0,0,0,5
816,234.75,235.0,E4,0,0,0,3
817,235.0,235.25,F4,0,0,0,4
818,235.25,235.5,C4,0,0,0,1
819,235.5,235.75,G4,0,0,0,5
820,235.75,236.0,E4,0,0,0,3
821,236.0,236.25,F4,0,0,0,4
822,236.25,236.5,C4,0,0,0,1
823,236.5,236.75,G4,0,0,0,5
824,236.75,237.0,E4,0,0,0,3
825,237.0,237.25,F4,0,0,0,4
826,237.25,237.5,C4,0,0,0,1
827,237.5,237.75,G4,0,0,0,5
828,237.75,238.0,E4,0,0,0,3
829,238.0,239.0,F4,0,0,0,4
830,239.0,239.25,F4,0,0,0,4
831,239.25,239.5,E4,0,0,0,3
832,239.5,239.75,F4,0,0,0,4
833,239.75,240.0,E4,0,0,0,3
834,240.0,240.25,F4,0,0,0,4
835,240.25,240.5,E4,0,0,0,3
836,240.5,240.75,F4,0,0,0,4
837,240.75,241.0,E4,0,0,0,3
838,241.0,241.25,F4,0,0,0,4
839,241.25,241.5,C4,0,0,0,1
840,241.5,241.75,E4,0,0,0,3
841,241.75,242.0,G4,0,0,0,5
842,242.0,242.25,F4,0,0,0,4
843,242.25,242.5,C4,0,0,0,1
844,242.5,242.75,E4,0,0,0,3
845,242.75,243.0,G4,0,0,0,5
846,243.0,244.0,F4,0,0,0,4
847,244.0,244.25,G4,0,0,0,5
848,244.25,244.5,F4,0,0,0,4
849,244.5,244.75,G4,0,0,0,5
850,244.75,245.0,F4,0,0,0,4
851,245.0,245.25,G4,0,0,0,5
852,245.25,245.5,F4,0,0,0,4
853,245.5,245.75,G4,0,0,0,5
854,245.75,246.0,F4,0,0,0,4
855,246.0,246.25,G4,0,0,0,5
856,246.25,246.5,C4,0,0,0,1
857,246.5,246.75,E4,0,0,0,3
858,246.75,247.0,C4,0,0,0,1
859,247.0,247.25,G4,0,0,0,5
860,247.25,247.5,C4,0,0,0,1
861,247.5,247.75,E4,0,0,0,3
862,247.75,248.0,C4,0,0,0,1
863,248.0,249.0,G4,0,0,0,5
864,249.0,249.25,D4,0,0,0,3
865,249.25,249.5,C4,0,0,0,2
866,249.5,249.75,D4,0,0,0,3
867,249.75,250.0,C4,0,0,0,2
868,250.0,250.25,G4,0,0,0,5
869,250.25,250.5,F4,0,0,0,4
870,250.5,250.75,G4,0,0,0,5
871,250.75,251.0,F4,0,0,0,4
872,251.0,251.25,D4,0,0,0,2
873,251.25,251.5,C4,0,0,0,1
874,251.5,251.75,D4,0,0,0,2
875,251.75,252.0,C4,0,0,0,1
876,252.0,252.25,G4,0,0,0,5
877,252.25,252.5,F4,0,0,0,4
878,252.5,252.75,G4,0,0,0,5
879,252.75,253.0,F4,0,0,0,4
880,253.0,254.0,C4,0,0,0,1
881,254.0,254.25,D4,0,0,0,2
882,254.25,254.5,C4,0,0,0,1
883,254.5,254.75,G4,0,0,0,5
884,254.75,255.0,F4,0,0,0,4
885,255.0,255.25,D4,0,0,0,2
886,255.25,255.5,C4,0,0,0,1
887,255.5,255.75,G4,0,0,0,5
888,255.75,256.0,F4,0,0,0,4
889,256.0,256.25,D4,0,0,0,2
890,256.25,256.5,C4,0,0,0,1
891,256.5,256.75,G4,0,0,0,5
892,256.75,257.0,F4,0,0,0,4
893,257.0,257.25,D4,0,0,0,2
894,257.25,257.5,C4,0,0,0,1
895,257.5,257.75,G4,0,0,0,5
896,257.75,258.0,F4,0,0,0,4
897,258.0,259.0,C4,0,0,0,1
898,259.0,259.25,F4,0,0,0,4
899,259.25,259.5,D4,0,0,0,2
900,259.5,259.75,C4,0,0,0,1
901,259.75,260.0,G4,0,0,0,5
902,260.0,260.25,F4,0,0,0,4
903,260.25,260.5,D4,0,0,0,2
904,260.5,260.75,C4,0,0,0,1
905,260.75,261.0,G4,0,0,0,5
906,261.0,261.25,F4,0,0,0,4
907,261.25,261.5,D4,0,0,0,2
908,261.5,261.75,C4,0,0,0,1
909,261.75,262.0,G4,0,0,0,5
910,262.0,262.25,F4,0,0,0,4
911,262.25,262.5,D4,0,0,0,2
912,262.5,262.75,C4,0,0,0,1
913,262.75,263.0,G4,0,0,0,5
914,263.0,264.0,F4,0,0,0,4
915,264.0,264.25,F4,0,0,0,4
916,264.25,264.5,D4,0,0,0,2
917,264.5,264.75,F4,0,0,0,4
918,264.75,265.0,D4,0,0,0,2
919,265.0,265.25,C4,0,0,0,1
920,265.25,265.5,G4,0,0,0,5
921,265.5,265.75,C4,0,0,0,1
922,265.75,266.0,G4,0,0,0,5
923,266.0,266.25,F4,0,0,0,4
924,266.25,266.5,D4,0,0,0,2
925,266.5,266.75,F4,0,0,0,4
926,266.75,267.0,D4,0,0,0,2
927,267.0,267.25,C4,0,0,0,1
928,267.25,267.5,G4,0,0,0,5
929,267.5,267.75,C4,0,0,0,1
930,267.75,268.0,G4,0,0,0,5
931,268.0,269.0,F4,0,0,0,4
932,269.0,269.25,C4,0,0,0,1
933,269.25,269.5,G4,0,0,0,5
934,269.5,269.75,F4,0,0,0,4
935,269.75,270.0,G4,0,0,0,5
936,270.0,270.25,C4,0,0,0,1
937,270.25,270.5,G4,0,0,0,5
938,270.5,270.75,F4,0,0,0,4
939,270.75,271.0,G4,0,0,0,5
940,271.0,271.25,C4,0,0,0,1
941,271.25,271.5,G4,0,0,0,5
942,271.5,271.75,F4,0,0,0,4
943,271.75,272.0,G4,0,0,0,5
944,272.0,272.25,C4,0,0,0,1
945,272.25,272.5,G4,0,0,0,5
946,272.5,272.75,F4,0,0,0,4
947,272.75,273.0,G4,0,0,0,5
948,273.0,274.0,C4,0,0,0,1
949,274.0,274.25,G4,0,0,0,5
950,274.25,274.5,D4,0,0,0,2
951,274.5,274.75,F4,0,0,0,4
952,274.75,275.0,C4,0,0,0,1
953,275.0,275.25,G4,0,0,0,5
954,275.25,275.5,D4,0,0,0,2
955,275.5,275.75,F4,0,0,0,4
956,275.75,276.0,C4,0,0,0,1
957,276.0,276.25,G4,0,0,0,5
958,276.25,276.5,D4,0,0,0,2
959,276.5,276.75,F4,0,0,0,4
960,276.75,277.0,C4,0,0,0,1
961,277.0,277.25,G4,0,0,0,5
962,277.25,277.5,D4,0,0,0,2
963,277.5,277.75,F4,0,0,0,4
964,277.75,278.0,C4,0,0,0,1
965,278.0,279.0,F4,0,0,0,4
966,279.0,279.25,G4,0,0,0,5
967,279.25,279.5,C4,0,0,0,1
968,279.5,279.75,E4,0,0,0,3
969,279.75,280.0,C4,0,0,0,1
970,280.0,280.25,G4,0,0,0,5
971,280.25,280.5,C4,0,0,0,1
972,280.5,280.75,E4,0,0,0,3
973,280.75,281.0,C4,0,0,0,1
974,281.0,281.25,G4,0,0,0,5
975,281.25,281.5,C4,0,0,0,1
976,281.5,281.75,E4,0,0,0,3
977,281.75,282.0,C4,0,0,0,1
978,282.0,282.25,G4,0,0,0,5
979,282.25,282.5,C4,0,0,0,1
980,282.5,282.75,E4,0,0,0,3
981,282.75,283.0,C4,0,0,0,1
982,283.0,284.0,G4,0,0,0,5
983,284.0,284.25,C4,0,0,0,1
984,284.25,284.5,E4,0,0,0,3
985,284.5,284.75,D4,0,0,0,2
986,284.75,285.0,E4,0,0,0,3
987,285.0,285.25,C4,0,0,0,1
988,285.25,285.5,E4,0,0,0,3
989,285.5,285.75,G4,0,0,0,5
990,285.75,286.0,D4,0,0,0,2
991,286.0,286.25,C4,0,0,0,1
992,286.25,286.5,E4,0,0,0,3
993,286.5,286.75,D4,0,0,0,2
994,286.75,287.0,E4,0,0,0,3
995,287.0,287.25,C4,0,0,0,1
996,287.25,287.5,E4,0,0,0,3
997,287.5,287.75,G4,0,0,0,5
998,287.75,288.0,D4,0,0,0,2
999,288.0,289.0,E4,0,0,0,3
1000,289.0,289.25,E4,0,0,0,3
1001,289.25,289.5,C4,0,0,0,1
1002,289.5,289.75,G4,0,0,0,5
1003,289.75,290.0,D4,0,0,0,2
1004,290.0,290.25,E4,0,0,0,3
1005,290.25,290.5,C4,0,0,0,1
1006,290.5,290.75,G4,0,0,0,5
1007,290.75,291.0,D4,0,0,0,2
1008,291.0,291.25,E4,0,0,0,3
1009,291.25,291.5,C4,0,0,0,1
1010,291.5,291.75,G4,0,0,0,5
1011,291.75,292.0,D4,0,0,0,2
1012,292.0,292.25,E4,0,0,0,3
1013,292.25,292.5,C4,0,0,0,1
1014,292.5,292.75,G4,0,0,0,5
1015,292.75,293.0,D4,0,0,0,2
1016,293.0,294.0,E4,0,0,0,3
1017,294.0,294.25,D4,0,0,0,2
1018,294.25,294.5,E4,0,0,0,3
1019,294.5,294.75,C4,0,0,0,1
1020,294.75,295.0,G4,0,0,0,5
1021,295.0,295.25,D4,0,0,0,2
1022,295.25,295.5,E4,0,0,0,3
1023,295.5,295.75,C4,0,0,0,1
1024,295.75,296.0,G4,0,0,0,5
1025,296.0,296.25,D4,0,0,0,2
1026,296.25,296.5,E4,0,0,0,3
1027,296.5,296.75,C4,0,0,0,1
1028,296.75,297.0,G4,0,0,0,5
1029,297.0,297.25,D4,0,0,0,2
1030,297.25,297.5,E4,0,0,0,3
1031,297.5,297.75,C4,0,0,0,1
1032,297.75,298.0,G4,0,0,0,5
1033,298.0,299.0,E4,0,0,0,4
1034,299.0,299.25,D4,0,0,0,3
1035,299.25,299.5,C4,0,0,0,2
1036,299.5,299.75,D4,0,0,0,3
1037,299.75,300.0,C4,0,0,0,2
1038,300.0,300.25,E4,0,0,0,3
1039,300.25,300.5,D4,0,0,0,2
1040,300.5,300.75,E4,0,0,0,3
1041,300.75,301.0,D4,0,0,0,2
1042,301.0,301.25,G4,0,0,0,5
1043,301.25,301.5,E4,0,0,0,3
1044,301.5,301.75,G4,0,0,0,5
1045,301.75,302.0,E4,0,0,0,3
1046,302.0,302.25,D4,0,0,0,2
1047,302.25,302.5,E4,0,0,0,3
1048,302.5,302.75,D4,0,0,0,2
1049,302.75,303.0,E4,0,0,0,3
1050,303.0,304.0,C4,0,0,0,1
1051,304.0,304.25,D4,0,0,0,3
1052,304.25,304.5,F4,0,0,0,5
1053,304.5,304.75,C4,0,0,0,2
1054,304.75,305.0,E4,0,0,0,4
1055,305.0,305.25,D4,0,0,0,3
1056,305.25,305.5,F4,0,0,0,5
1057,305.5,305.75,C4,0,0,0,2
1058,305.75,306.0,E4,0,0,0,4
1059,306.0,306.25,D4,0,0,0,3
1060,306.25,306.5,F4,0,0,0,5
1061,306.5,306.75,C4,0,0,0,2
1062,306.75,307.0,E4,0,0,0,4
1063,307.0,307.25,D4,0,0,0,3
1064,307.25,307.5,F4,0,0,0,5
1065,307.5,307.75,C4,0,0,0,2
1066,307.75,308.0,E4,0,0,0,4
1067,308.0,309.0,D4,0,0,0,3
1068,309.0,309.25,D4,0,0,0,3
1069,309.25,309.5,E4,0,0,0,4
1070,309.5,309.75,C4,0,0,0,2
1071,309.75,310.0,F4,0,0,0,5
1072,310.0,310.25,D4,0,0,0,3
1073,310.25,310.5,E4,0,0,0,4
1074,310.5,310.75,C4,0,0,0,2
1075,310.75,311.0,F4,0,0,0,5
1076,311.0,311.25,D4,0,0,0,3
1077,311.25,311.5,E4,0,0,0,4
1078,311.5,311.75,C4,0,0,0,2
1079,311.75,312.0,F4,0,0,0,5
1080,312.0,312.25,D4,0,0,0,3
1081,312.25,312.5,E4,0,0,0,4
1082,312.5,312.75,C4,0,0,0,2
1083,312.75,313.0,F4,0,0,0,5
1084,313.0,314.0,D4,0,0,0,3
1085,314.0,314.25,E4,0,0,0,4
1086,314.25,314.5,C4,0,0,0,2
1087,314.5,314.75,D4,0,0,0,3
1088,314.75,315.0,E4,0,0,0,4
1089,315.0,315.25,F4,0,0,0,5
1090,315.25,315.5,E4,0,0,0,4
1091,315.5,315.75,D4,0,0,0,3
1092,315.75,316.0,F4,0,0,0,5
1093,316.0,316.25,E4,0,0,0,4
1094,316.25,316.5,C4,0,0,0,2
1095,316.5,316.75,D4,0,0,0,3
1096,316.75,317.0,E4,0,0,0,4
1097,317.0,317.25,F4,0,0,0,5
1098,317.25,317.5,E4,0,0,0,4
1099,317.5,317.75,D4,0,0,0,3
1100,317.75,318.0,F4,0,0,0,5
1101,318.0,319.0,E4,0,0,0,4
1102,319.0,319.25,F4,0,0,0,5
1103,319.25,319.5,E4,0,0,0,4
1104,319.5,319.75,F4,0,0,0,5
1105,319.75,320.0,E4,0,0,0,4
1106,320.0,320.25,F4,0,0,0,5
1107,320.25,320.5,D4,0,0,0,3
1108,320.5,320.75,C4,0,0,0,2
1109,320.75,321.0,E4,0,0,0,4
1110,321.0,321.25,F4,0,0,0,5
1111,321.25,321.5,E4,0,0,0,4
1112,321.5,321.75,F4,0,0,0,5
1113,321.75,322.0,E4,0,0,0,4
1114,322.0,322.25,F4,0,0,0,5
1115,322.25,322.5,D4,0,0,0,3
1116,322.5,322.75,C4,0,0,0,2
1117,322.75,323.0,E4,0,0,0,4
1118,323.0,324.0,F4,0,0,0,5
1119,324.0,324.25,D4,0,0,0,3
1120,324.25,324.5,E4,0,0,0,4
1121,324.5,324.75,D4,0,0,0,3
1122,324.75,325.0,E4,0,0,0,4
1123,325.0,325.25,D4,0,0,0,3
1124,325.25,325.5,E4,0,0,0,4
1125,325.5,325.75,C4,0,0,0,2
1126,325.75,326.0,E4,0,0,0,4
1127,326.0,326.25,D4,0,0,0,3
1128,326.25,326.5,E4,0,0,0,4
1129,326.5,326.75,D4,0,0,0,3
1130,326.75,327.0,E4,0,0,0,4
1131,327.0,327.25,D4,0,0,0,3
1132,327.25,327.5,E4,0,0,0,4
1133,327.5,327.75,C4,0,0,0,2
1134,327.75,328.0,E4,0,0,0,4
1135,328.0,329.0,D4,0,0,0,3
1136,329.0,329.25,C4,0,0,0,2
1137,329.25,329.5,D4,0,0,0,3
1138,329.5,329.75,C4,0,0,0,2
1139,329.75,330.0,D4,0,0,0,3
1140,330.0,330.25,C4,0,0,0,2
1141,330.25,330.5,E4,0,0,0,4
1142,330.5,330.75,F4,0,0,0,5
1143,330.75,331.0,D4,0,0,0,3
1144,331.0,331.25,C4,0,0,0,2
1145,331.25,331.5,D4,0,0,0,3
1146,331.5,331.75,C4,0,0,0,2
1147,331.75,332.0,D4,0,0,0,3
1148,332.0,332.25,C4,0,0,0,2
1149,332.25,332.5,E4,0,0,0,4
1150,332.5,332.75,F4,0,0,0,5
1151,332.75,333.0,D4,0,0,0,3
1152,333.0,334.0,C4,0,0,0,2
1153,334.0,334.25,E4,0,0,0,3
1154,334.25,334.5,D4,0,0,0,2
1155,334.5,334.75,C4,0,0,0,1
1156,334.75,335.0,D4,0,0,0,3
1157,335.0,335.25,E4,0,0,0,4
1158,335.25,335.5,D4,0,0,0,3
1159,335.5,335.75,C4,0,0,0,2
1160,335.75,336.0,D4,0,0,0,3
1161,336.0,336.25,E4,0,0,0,4
1162,336.25,336.5,D4,0,0,0,3
1163,336.5,336.75,C4,0,0,0,2
1164,336.75,337.0,D4,0,0,0,3
1165,337.0,337.25,E4,0,0,0,4
1166,337.25,337.5,D4,0,0,0,3
1167,337.5,337.75,C4,0,0,0,2
1168,337.75,338.0,D4,0,0,0,3
1169,338.0,339.0,E4,0,0,0,4
0,0.0,0.25,C3,0,0,1,-5
1,0.25,0.5,D3,0,0,1,-4
2,0.5,0.75,E3,0,0,1,-3
3,0.75,1.0,F3,0,0,1,-2
4,1.0,1.25,G3,0,0,1,-1
5,1.25,1.5,F3,0,0,1,-2
6,1.5,1.75,E3,0,0,1,-3
7,1.75,2.0,D3,0,0,1,-4
8,2.0,2.25,C3,0,0,1,-5
9,2.25,2.5,D3,0,0,1,-4
10,2.5,2.75,E3,0,0,1,-3
11,2.75,3.0,F3,0,0,1,-2
12,3.0,3.25,G3,0,0,1,-1
13,3.25,3.5,F3,0,0,1,-2
14,3.5,3.75,E3,0,0,1,-3
15,3.75,4.0,D3,0,0,1,-4
16,4.0,4.25,C3,0,0,1,-5
17,4.25,4.5,D3,0,0,1,-4
18,4.5,4.75,E3,0,0,1,-3
19,4.75,5.0,F3,0,0,1,-2
20,5.0,5.25,G3,0,0,1,-1
21,5.25,5.5,F3,0,0,1,-2
22,5.5,5.75,E3,0,0,1,-3
23,5.75,6.0,D3,0,0,1,-4
24,6.0,6.25,C3,0,0,1,-5
25,6.25,6.5,D3,0,0,1,-4
26,6.5,6.75,E3,0,0,1,-3
27,6.75,7.0,F3,0,0,1,-2
28,7.0,7.25,G3,0,0,1,-1
29,7.25,7.5,F3,0,0,1,-2
30,7.5,7.75,E3,0,0,1,-3
31,7.75,8.0,D3,0,0,1,-4
32,8.0,9.0,C3,0,0,1,-5
33,9.0,9.25,G3,0,0,1,-1
34,9.25,9.5,F3,0,0,1,-2
35,9.5,9.75,E3,0,0,1,-3
36,9.75,10.0,D3,0,0,1,-4
37,10.0,10.25,C3,0,0,1,-5
38,10.25,10.5,D3,0,0,1,-4
39,10.5,10.75,E3,0,0,1,-3
40,10.75,11.0,F3,0,0,1,-2
41,11.0,11.25,G3,0,0,1,-1
42,11.25,11.5,F3,0,0,1,-2
43,11.5,11.75,E3,0,0,1,-3
44,11.75,12.0,D3,0,0,1,-4
45,12.0,12.25,C3,0,0,1,-5
46,12.25,12.5,D3,0,0,1,-4
47,12.5,12.75,E3,0,0,1,-3
48,12.75,13.0,F3,0,0,1,-2
49,13.0,13.25,G3,0,0,1,-1
50,13.25,13.5,F3,0,0,1,-2
51,13.5,13.75,E3,0,0,1,-3
52,13.75,14.0,D3,0,0,1,-4
53,14.0,14.25,C3,0,0,1,-5
54,14.25,14.5,D3,0,0,1,-4
55,14.5,14.75,E3,0,0,1,-3
56,14.75,15.0,F3,0,0,1,-2
57,15.0,15.25,G3,0,0,1,-1
58,15.25,15.5,F3,0,0,1,-2
59,15.5,15.75,E3,0,0,1,-3
60,15.75,16.0,D3,0,0,1,-4
61,16.0,16.25,C3,0,0,1,-5
62,16.25,16.5,D3,0,0,1,-4
63,16.5,16.75,E3,0,0,1,-3
64,16.75,17.0,F3,0,0,1,-2
65,17.0,18.0,G3,0,0,1,-1
66,18.0,18.25,C3,0,0,1,-5
67,18.25,18.5,D3,0,0,1,-4
68,18.5,18.75,F3,0,0,1,-2
69,18.75,19.0,E3,0,0,1,-3
70,19.0,19.25,G3,0,0,1,-1
71,19.25,19.5,F3,0,0,1,-2
72,19.5,19.75,D3,0,0,1,-4
73,19.75,20.0,E3,0,0,1,-3
74,20.0,20.25,C3,0,0,1,-5
75,20.25,20.5,D3,0,0,1,-4
76,20.5,20.75,F3,0,0,1,-2
77,20.75,21.0,E3,0,0,1,-3
78,21.0,21.25,G3,0,0,1,-1
79,21.25,21.5,F3,0,0,1,-2
80,21.5,21.75,D3,0,0,1,-4
81,21.75,22.0,E3,0,0,1,-3
82,22.0,23.0,C3,0,0,1,-5
83,23.0,23.25,G3,0,0,1,-1
84,23.25,23.5,F3,0,0,1,-2
85,23.5,23.75,D3,0,0,1,-4
86,23.75,24.0,E3,0,0,1,-3
87,24.0,24.25,C3,0,0,1,-5
88,24.25,24.5,D3,0,0,1,-4
89,24.5,24.75,F3,0,0,1,-2
90,24.75,25.0,E3,0,0,1,-3
91,25.0,25.25,G3,0,0,1,-1
92,25.25,25.5,F3,0,0,1,-2
93,25.5,25.75,D3,0,0,1,-4
94,25.75,26.0,E3,0,0,1,-3
95,26.0,26.25,C3,0,0,1,-5
96,26.25,26.5,D3,0,0,1,-4
97,26.5,26.75,F3,0,0,1,-2
98,26.75,27.0,E3,0,0,1,-3
99,27.0,28.0,G3,0,0,1,-1
100,28.0,28.25,C3,0,0,1,-5
101,28.25,28.5,E3,0,0,1,-3
102,28.5,28.75,D3,0,0,1,-4
103,28.75,29.0,F3,0,0,1,-2
104,29.0,29.25,E3,0,0,1,-3
105,29.25,29.5,G3,0,0,1,-1
106,29.5,29.75,F3,0,0,1,-2
107,29.75,30.0,D3,0,0,1,-4
108,30.0,30.25,C3,0,0,1,-5
109,30.25,30.5,E3,0,0,1,-3
110,30.5,30.75,D3,0,0,1,-4
111,30.75,31.0,F3,0,0,1,-2
112,31.0,31.25,E3,0,0,1,-3
113,31.25,31.5,G3,0,0,1,-1
114,31.5,31.75,F3,0,0,1,-2
115,31.75,32.0,D3,0,0,1,-4
116,32.0,33.0,C3,0,0,1,-5
117,33.0,33.25,G3,0,0,1,-1
118,33.25,33.5,E3,0,0,1,-3
119,33.5,33.75,F3,0,0,1,-2
120,33.75,34.0,D3,0,0,1,-4
121,34.0,34.25,E3,0,0,1,-3
122,34.25,34.5,C3,0,0,1,-5
123,34.5,34.75,D3,0,0,1,-4
124,34.75,35.0,F3,0,0,1,-2
125,35.0,35.25,G3,0,0,1,-1
126,35.25,35.5,E3,0,0,1,-3
127,35.5,35.75,F3,0,0,1,-2
128,35.75,36.0,D3,0,0,1,-4
129,36.0,36.25,E3,0,0,1,-3
130,36.25,36.5,C3,0,0,1,-5
131,36.5,36.75,D3,0,0,1,-4
132,36.75,37.0,F3,0,0,1,-2
133,37.0,38.0,G3,0,0,1,-1
134,38.0,38.25,C3,0,0,1,-5
135,38.25,38.5,F3,0,0,1,-2
136,38.5,38.75,D3,0,0,1,-4
137,38.75,39.0,G3,0,0,1,-1
138,39.0,39.25,E3,0,0,1,-3
139,39.25,39.5,D3,0,0,1,-4
140,39.5,39.75,F3,0,0,1,-2
141,39.75,40.0,E3,0,0,1,-3
142,40.0,40.25,C3,0,0,1,-5
143,40.25,40.5,F3,0,0,1,-2
144,40.5,40.75,D3,0,0,1,-4
145,40.75,41.0,G3,0,0,1,-1
146,41.0,41.25,E3,0,0,1,-3
147,41.25,41.5,D3,0,0,1,-4
148,41.5,41.75,F3,0,0,1,-2
149,41.75,42.0,E3,0,0,1,-3
150,42.0,43.0,C3,0,0,1,-5
151,43.0,43.25,G3,0,0,1,-1
152,43.25,43.5,D3,0,0,1,-4
153,43.5,43.75,F3,0,0,1,-2
154,43.75,44.0,C3,0,0,1,-5
155,44.0,44.25,E3,0,0,1,-3
156,44.25,44.5,F3,0,0,1,-2
157,44.5,44.75,D3,0,0,1,-4
158,44.75,45.0,E3,0,0,1,-3
159,45.0,45.25,G3,0,0,1,-1
160,45.25,45.5,D3,0,0,1,-4
161,45.5,45.75,F3,0,0,1,-2
162,45.75,46.0,C3,0,0,1,-5
163,46.0,46.25,E3,0,0,1,-3
164,46.25,46.5,F3,0,0,1,-2
165,46.5,46.75,D3,0,0,1,-4
166,46.75,47.0,E3,0,0,1,-3
167,47.0,48.0,C3,0,0,1,-5
168,48.0,48.25,C3,0,0,1,-5
169,48.25,48.5,G3,0,0,1,-1
170,48.5,48.75,F3,0,0,1,-2
171,48.75,49.0,G3,0,0,1,-1
172,49.0,49.25,E3,0,0,1,-3
173,49.25,49.5,F3,0,0,1,-2
174,49.5,49.75,D3,0,0,1,-4
175,49.75,50.0,E3,0,0,1,-3
176,50.0,50.25,C3,0,0,1,-5
177,50.25,50.5,G3,0,0,1,-1
178,50.5,50.75,F3,0,0,1,-2
179,50.75,51.0,G3,0,0,1,-1
180,51.0,51.25,E3,0,0,1,-3
181,51.25,51.5,F3,0,0,1,-2
182,51.5,51.75,D3,0,0,1,-4
183,51.75,52.0,E3,0,0,1,-3
184,52.0,53.0,C3,0,0,1,-5
185,53.0,53.25,G3,0,0,1,-1
186,53.25,53.5,C3,0,0,1,-5
187,53.5,53.75,D3,0,0,1,-4
188,53.75,54.0,C3,0,0,1,-5
189,54.0,54.25,E3,0,0,1,-3
190,54.25,54.5,D3,0,0,1,-4
191,54.5,54.75,F3,0,0,1,-2
192,54.75,55.0,E3,0,0,1,-3
193,55.0,55.25,G3,0,0,1,-1
194,55.25,55.5,C3,0,0,1,-5
195,55.5,55.75,D3,0,0,1,-4
196,55.75,56.0,C3,0,0,1,-5
197,56.0,56.25,E3,0,0,1,-3
198,56.25,56.5,D3,0,0,1,-4
199,56.5,56.75,F3,0,0,1,-2
200,56.75,57.0,E3,0,0,1,-3
201,57.0,58.0,G3,0,0,1,-1
202,58.0,58.25,C3,0,0,1,-5
203,58.25,58.5,G3,0,0,1,-1
204,58.5,58.75,E3,0,0,1,-3
205,58.75,59.0,D3,0,0,1,-4
206,59.0,59.25,E3,0,0,1,-3
207,59.25,59.5,G3,0,0,1,-1
208,59.5,59.75,F3,0,0,1,-2
209,59.75,60.0,D3,0,0,1,-4
210,60.0,60.25,C3,0,0,1,-5
211,60.25,60.5,G3,0,0,1,-1
212,60.5,60.75,E3,0,0,1,-3
213,60.75,61.0,D3,0,0,1,-4
214,61.0,61.25,E3,0,0,1,-3
215,61.25,61.5,G3,0,0,1,-1
216,61.5,61.75,F3,0,0,1,-2
217,61.75,62.0,D3,0,0,1,-4
218,62.0,63.0,C3,0,0,1,-5
219,63.0,63.25,G3,0,0,1,-1
220,63.25,63.5,C3,0,0,1,-5
221,63.5,63.75,E3,0,0,1,-3
222,63.75,64.0,F3,0,0,1,-2
223,64.0,64.25,G3,0,0,1,-1
224,64.25,64.5,E3,0,0,1,-3
225,64.5,64.75,D3,0,0,1,-4
226,64.75,65.0,F3,0,0,1,-2
227,65.0,65.25,G3,0,0,1,-1
228,65.25,65.5,C3,0,0,1,-5
229,65.5,65.75,E3,0,0,1,-3
230,65.75,66.0,F3,0,0,1,-2
231,66.0,66.25,G3,0,0,1,-1
232,66.25,66.5,E3,0,0,1,-3
233,66.5,66.75,D3,0,0,1,-4
234,66.75,67.0,F3,0,0,1,-2
235,67.0,68.0,G3,0,0,1,-1
236,68.0,68.25,E3,0,0,1,-3
237,68.25,68.5,C3,0,0,1,-5
238,68.5,68.75,F3,0,0,1,-2
239,68.75,69.0,D3,0,0,1,-4
240,69.0,69.25,G3,0,0,1,-1
241,69.25,69.5,E3,0,0,1,-3
242,69.5,69.75,D3,0,0,1,-4
243,69.75,70.0,F3,0,0,1,-2
244,70.0,70.25,E3,0,0,1,-3
245,70.25,70.5,C3,0,0,1,-5
246,70.5,70.75,F3,0,0,1,-2
247,70.75,71.0,D3,0,0,1,-4
248,71.0,71.25,G3,0,0,1,-1
249,71.25,71.5,E3,0,0,1,-3
250,71.5,71.75,D3,0,0,1,-4
251,71.75,72.0,F3,0,0,1,-2
252,72.0,73.0,G3,0,0,1,-1
253,73.0,73.25,E3,0,0,1,-3
254,73.25,73.5,G3,0,0,1,-1
255,73.5,73.75,D3,0,0,1,-4
256,73.75,74.0,F3,0,0,1,-2
257,74.0,74.25,E3,0,0,1,-3
258,74.25,74.5,C3,0,0,1,-5
259,74.5,74.75,D3,0,0,1,-4
260,74.75,75.0,F3,0,0,1,-2
261,75.0,75.25,E3,0,0,1,-3
262,75.25,75.5,G3,0,0,1,-1
263,75.5,75.75,D3,0,0,1,-4
264,75.75,76.0,F3,0,0,1,-2
265,76.0,76.25,E3,0,0,1,-3
266,76.25,76.5,C3,0,0,1,-5
267,76.5,76.75,D3,0,0,1,-4
268,76.75,77.0,F3,0,0,1,-2
269,77.0,78.0,G3,0,0,1,-1
270,78.0,78.25,C3,0,0,1,-5
271,78.25,78.5,E3,0,0,1,-3
272,78.5,78.75,F3,0,0,1,-2
273,78.75,79.0,D3,0,0,1,-4
274,79.0,79.25,G3,0,0,1,-1
275,79.25,79.5,E3,0,0,1,-3
276,79.5,79.75,D3,0,0,1,-4
277,79.75,80.0,F3,0,0,1,-2
278,80.0,80.25,C3,0,0,1,-5
279,80.25,80.5,E3,0,0,1,-3
280,80.5,80.75,F3,0,0,1,-2
281,80.75,81.0,D3,0,0,1,-4
282,81.0,81.25,G3,0,0,1,-1
283,81.25,81.5,E3,0,0,1,-3
284,81.5,81.75,D3,0,0,1,-4
285,81.75,82.0,F3,0,0,1,-2
286,82.0,83.0,G3,0,0,1,-1
287,83.0,83.25,G3,0,0,1,-1
288,83.25,83.5,E3,0,0,1,-3
289,83.5,83.75,D3,0,0,1,-4
290,83.75,84.0,F3,0,0,1,-2
291,84.0,84.25,C3,0,0,1,-5
292,84.25,84.5,E3,0,0,1,-3
293,84.5,84.75,F3,0,0,1,-2
294,84.75,85.0,D3,0,0,1,-4
295,85.0,85.25,G3,0,0,1,-1
296,85.25,85.5,E3,0,0,1,-3
297,85.5,85.75,D3,0,0,1,-4
298,85.75,86.0,F3,0,0,1,-2
299,86.0,86.25,C3,0,0,1,-5
300,86.25,86.5,E3,0,0,1,-3
301,86.5,86.75,F3,0,0,1,-2
302,86.75,87.0,D3,0,0,1,-4
303,87.0,88.0,C3,0,0,1,-5
304,88.0,88.25,C3,0,0,1,-5
305,88.25,88.5,D3,0,0,1,-4
306,88.5,88.75,C3,0,0,1,-5
307,88.75,89.0,D3,0,0,1,-4
308,89.0,89.25,C3,0,0,1,-5
309,89.25,89.5,D3,0,0,1,-4
310,89.5,89.75,C3,0,0,1,-5
311,89.75,90.0,D3,0,0,1,-4
312,90.0,90.25,C3,0,0,1,-5
313,90.25,90.5,D3,0,0,1,-4
314,90.5,90.75,C3,0,0,1,-5
315,90.75,91.0,D3,0,0,1,-4
316,91.0,91.25,C3,0,0,1,-5
317,91.25,91.5,D3,0,0,1,-4
318,91.5,91.75,E3,0,0,1,-3
319,91.75,92.0,F3,0,0,1,-2
320,92.0,92.25,G3,0,0,1,-1
321,92.25,92.5,F3,0,0,1,-2
322,92.5,92.75,G3,0,0,1,-1
323,92.75,93.0,F3,0,0,1,-2
324,93.0,93.25,G3,0,0,1,-1
325,93.25,93.5,F3,0,0,1,-2
326,93.5,93.75,G3,0,0,1,-1
327,93.75,94.0,F3,0,0,1,-2
328,94.0,94.25,G3,0,0,1,-1
329,94.25,94.5,F3,0,0,1,-2
330,94.5,94.75,G3,0,0,1,-1
331,94.75,95.0,F3,0,0,1,-2
332,95.0,95.25,G3,0,0,1,-1
333,95.25,95.5,F3,0,0,1,-2
334,95.5,95.75,E3,0,0,1,-3
335,95.75,96.0,D3,0,0,1,-4
336,96.0,97.0,C3,0,0,1,-5
337,97.0,97.25,C3,0,0,1,-5
338,97.25,97.5,D3,0,0,1,-4
339,97.5,97.75,E3,0,0,1,-3
340,97.75,98.0,D3,0,0,1,-4
341,98.0,98.25,E3,0,0,1,-3
342,98.25,98.5,D3,0,0,1,-4
343,98.5,98.75,E3,0,0,1,-3
344,98.75,99.0,D3,0,0,1,-4
345,99.0,99.25,E3,0,0,1,-3
346,99.25,99.5,D3,0,0,1,-4
347,99.5,99.75,E3,0,0,1,-3
348,99.75,100.0,D3,0,0,1,-4
349,100.0,100.25,E3,0,0,1,-3
350,100.25,100.5,D3,0,0,1,-4
351,100.5,100.75,E3,0,0,1,-3
352,100.75,101.0,F3,0,0,1,-2
353,101.0,101.25,G3,0,0,1,-1
354,101.25,101.5,F3,0,0,1,-2
355,101.5,101.75,E3,0,0,1,-3
356,101.75,102.0,F3,0,0,1,-2
357,102.0,102.25,E3,0,0,1,-3
358,102.25,102.5,F3,0,0,1,-2
359,102.5,102.75,E3,0,0,1,-3
360,102.75,103.0,F3,0,0,1,-2
361,103.0,103.25,E3,0,0,1,-3
362,103.25,103.5,F3,0,0,1,-2
363,103.5,103.75,E3,0,0,1,-3
364,103.75,104.0,F3,0,0,1,-2
365,104.0,104.25,E3,0,0,1,-3
366,104.25,104.5,F3,0,0,1,-2
367,104.5,104.75,E3,0,0,1,-3
368,104.75,105.0,D3,0,0,1,-4
369,105.0,106.0,C3,0,0,1,-5
370,106.0,106.25,D3,0,0,1,-4
371,106.25,106.5,C3,0,0,1,-5
372,106.5,106.75,D3,0,0,1,-4
373,106.75,107.0,C3,0,0,1,-5
374,107.0,107.25,E3,0,0,1,-3
375,107.25,107.5,D3,0,0,1,-4
376,107.5,107.75,E3,0,0,1,-3
377,107.75,108.0,D3,0,0,1,-4
378,108.0,108.25,F3,0,0,1,-2
379,108.25,108.5,E3,0,0,1,-3
380,108.5,108.75,F3,0,0,1,-2
381,108.75,109.0,E3,0,0,1,-3
382,109.0,109.25,G3,0,0,1,-1
383,109.25,109.5,F3,0,0,1,-2
384,109.5,109.75,G3,0,0,1,-1
385,109.75,110.0,F3,0,0,1,-2
386,110.0,110.25,E3,0,0,1,-3
387,110.25,110.5,F3,0,0,1,-2
388,110.5,110.75,E3,0,0,1,-3
389,110.75,111.0,F3,0,0,1,-2
390,111.0,111.25,D3,0,0,1,-4
391,111.25,111.5,E3,0,0,1,-3
392,111.5,111.75,D3,0,0,1,-4
393,111.75,112.0,E3,0,0,1,-3
394,112.0,113.0,C3,0,0,1,-5
395,113.0,113.25,D3,0,0,1,-4
396,113.25,113.5,C3,0,0,1,-5
397,113.5,113.75,E3,0,0,1,-3
398,113.75,114.0,D3,0,0,1,-4
399,114.0,114.25,F3,0,0,1,-2
400,114.25,114.5,E3,0,0,1,-3
401,114.5,114.75,G3,0,0,1,-1
402,114.75,115.0,F3,0,0,1,-2
403,115.0,115.25,E3,0,0,1,-3
404,115.25,115.5,F3,0,0,1,-2
405,115.5,115.75,D3,0,0,1,-4
406,115.75,116.0,E3,0,0,1,-3
407,116.0,117.0,C3,0,0,1,-5
408,117.0,117.25,C3,0,0,1,-5
409,117.25,117.5,E3,0,0,1,-3
410,117.5,117.75,D3,0,0,1,-4
411,117.75,118.0,E3,0,0,1,-3
412,118.0,118.25,C3,0,0,1,-5
413,118.25,118.5,D3,0,0,1,-4
414,118.5,118.75,E3,0,0,1,-3
415,118.75,119.0,F3,0,0,1,-2
416,119.0,119.25,G3,0,0,1,-1
417,119.25,119.5,E3,0,0,1,-3
418,119.5,119.75,F3,0,0,1,-2
419,119.75,120.0,E3,0,0,1,-3
420,120.0,120.25,G3,0,0,1,-1
421,120.25,120.5,F3,0,0,1,-2
422,120.5,120.75,E3,0,0,1,-3
423,120.75,121.0,D3,0,0,1,-4
424,121.0,122.0,C3,0,0,1,-5
425,122.0,122.25,G3,0,0,1,-2
426,122.25,122.5,E3,0,0,1,-3
427,122.5,122.75,F3,0,0,1,-2
428,122.75,123.0,E3,0,0,1,-3
429,123.0,123.25,G3,0,0,1,-1
430,123.25,123.5,F3,0,0,1,-2
431,123.5,123.75,E3,0,0,1,-3
432,123.75,124.0,D3,0,0,1,-4
433,124.0,124.25,C3,0,0,1,-5
434,124.25,124.5,E3,0,0,1,-3
435,124.5,124.75,D3,0,0,1,-4
436,124.75,125.0,E3,0,0,1,-3
437,125.0,125.25,C3,0,0,1,-5
438,125.25,125.5,D3,0,0,1,-4
439,125.5,125.75,E3,0,0,1,-3
440,125.75,126.0,F3,0,0,1,-2
441,126.0,127.0,G3,0,0,1,-1
442,127.0,127.25,C3,0,0,1,-5
443,127.25,127.5,D3,0,0,1,-4
444,127.5,127.75,E3,0,0,1,-3
445,127.75,128.0,D3,0,0,1,-4
446,128.0,128.25,C3,0,0,1,-5
447,128.25,128.5,D3,0,0,1,-4
448,128.5,128.75,E3,0,0,1,-3
449,128.75,129.0,D3,0,0,1,-4
450,129.0,129.25,C3,0,0,1,-5
451,129.25,129.5,D3,0,0,1,-4
452,129.5,129.75,E3,0,0,1,-3
453,129.75,130.0,D3,0,0,1,-4
454,130.0,130.25,C3,0,0,1,-5
455,130.25,130.5,D3,0,0,1,-4
456,130.5,130.75,E3,0,0,1,-3
457,130.75,131.0,F3,0,0,1,-2
458,131.0,131.25,G3,0,0,1,-1
459,131.25,131.5,F3,0,0,1,-3
460,131.5,131.75,E3,0,0,1,-4
461,131.75,132.0,F3,0,0,1,-3
462,132.0,132.25,G3,0,0,1,-2
463,132.25,132.5,F3,0,0,1,-3
464,132.5,132.75,E3,0,0,1,-4
465,132.75,133.0,F3,0,0,1,-3
466,133.0,133.25,G3,0,0,1,-2
467,133.25,133.5,F3,0,0,1,-3
468,133.5,133.75,E3,0,0,1,-4
469,133.75,134.0,F3,0,0,1,-3
470,134.0,134.25,G3,0,0,1,-1
471,134.25,134.5,F3,0,0,1,-2
472,134.5,134.75,E3,0,0,1,-3
473,134.75,135.0,D3,0,0,1,-4
474,135.0,136.0,C3,0,0,1,-5
475,136.0,136.25,C3,0,0,1,-5
476,136.25,136.5,E3,0,0,1,-3
477,136.5,136.75,D3,0,0,1,-4
478,136.75,137.0,E3,0,0,1,-3
479,137.0,137.25,C3,0,0,1,-5
480,137.25,137.5,E3,0,0,1,-3
481,137.5,137.75,D3,0,0,1,-4
482,137.75,138.0,E3,0,0,1,-3
483,138.0,138.25,C3,0,0,1,-5
484,138.25,138.5,E3,0,0,1,-3
485,138.5,138.75,D3,0,0,1,-4
486,138.75,139.0,E3,0,0,1,-3
487,139.0,139.25,C3,0,0,1,-5
488,139.25,139.5,D3,0,0,1,-4
489,139.5,139.75,E3,0,0,1,-3
490,139.75,140.0,F3,0,0,1,-2
491,140.0,140.25,G3,0,0,1,-1
492,140.25,140.5,E3,0,0,1,-3
493,140.5,140.75,F3,0,0,1,-2
494,140.75,141.0,E3,0,0,1,-3
495,141.0,141.25,G3,0,0,1,-2
496,141.25,141.5,E3,0,0,1,-4
497,141.5,141.75,F3,0,0,1,-3
498,141.75,142.0,E3,0,0,1,-4
499,142.0,142.25,G3,0,0,1,-2
500,142.25,142.5,E3,0,0,1,-3
501,142.5,142.75,F3,0,0,1,-2
502,142.75,143.0,E3,0,0,1,-3
503,143.0,143.25,G3,0,0,1,-1
504,143.25,143.5,F3,0,0,1,-2
505,143.5,143.75,E3,0,0,1,-3
506,143.75,144.0,D3,0,0,1,-4
507,144.0,145.0,C3,0,0,1,-5
508,145.0,145.25,D3,0,0,1,-4
509,145.25,145.5,E3,0,0,1,-3
510,145.5,145.75,C3,0,0,1,-5
511,145.75,146.0,E3,0,0,1,-3
512,146.0,146.25,D3,0,0,1,-4
513,146.25,146.5,E3,0,0,1,-3
514,146.5,146.75,C3,0,0,1,-5
515,146.75,147.0,E3,0,0,1,-3
516,147.0,147.25,D3,0,0,1,-4
517,147.25,147.5,E3,0,0,1,-3
518,147.5,147.75,C3,0,0,1,-5
519,147.75,148.0,E3,0,0,1,-3
520,148.0,148.25,F3,0,0,1,-2
521,148.25,148.5,E3,0,0,1,-3
522,148.5,148.75,F3,0,0,1,-2
523,148.75,149.0,D3,0,0,1,-4
524,149.0,149.25,F3,0,0,1,-3
525,149.25,149.5,G3,0,0,1,-2
526,149.5,149.75,E3,0,0,1,-4
527,149.75,150.0,G3,0,0,1,-2
528,150.0,150.25,F3,0,0,1,-3
529,150.25,150.5,G3,0,0,1,-2
530,150.5,150.75,E3,0,0,1,-4
531,150.75,151.0,G3,0,0,1,-2
532,151.0,151.25,F3,0,0,1,-3
533,151.25,151.5,G3,0,0,1,-2
534,151.5,151.75,E3,0,0,1,-4
535,151.75,152.0,G3,0,0,1,-2
536,152.0,152.25,D3,0,0,1,-5
537,152.25,152.5,E3,0,0,1,-4
538,152.5,152.75,D3,0,0,1,-5
539,152.75,153.0,F3,0,0,1,-3
540,153.0,154.0,E3,0,0,1,-4
541,154.0,154.25,C3,0,0,1,-5
542,154.25,154.5,D3,0,0,1,-4
543,154.5,154.75,C3,0,0,1,-5
544,154.75,155.0,E3,0,0,1,-3
545,155.0,155.25,D3,0,0,1,-4
546,155.25,155.5,E3,0,0,1,-3
547,155.5,155.75,D3,0,0,1,-4
548,155.75,156.0,F3,0,0,1,-2
549,156.0,156.25,E3,0,0,1,-3
550,156.25,156.5,F3,0,0,1,-2
551,156.5,156.75,E3,0,0,1,-3
552,156.75,157.0,G3,0,0,1,-1
553,157.0,157.25,D3,0,0,1,-4
554,157.25,157.5,E3,0,0,1,-3
555,157.5,157.75,D3,0,0,1,-4
556,157.75,158.0,F3,0,0,1,-2
557,158.0,159.0,C3,0,0,1,-5
558,159.0,159.25,G3,0,0,1,-2
559,159.25,159.5,F3,0,0,1,-3
560,159.5,159.75,G3,0,0,1,-2
561,159.75,160.0,E3,0,0,1,-4
562,160.0,160.25,F3,0,0,1,-3
563,160.25,160.5,E3,0,0,1,-4
564,160.5,160.75,F3,0,0,1,-3
565,160.75,161.0,D3,0,0,1,-5
566,161.0,161.25,E3,0,0,1,-3
567,161.25,161.5,D3,0,0,1,-4
568,161.5,161.75,E3,0,0,1,-3
569,161.75,162.0,C3,0,0,1,-5
570,162.0,162.25,F3,0,0,1,-2
571,162.25,162.5,E3,0,0,1,-3
572,162.5,162.75,F3,0,0,1,-2
573,162.75,163.0,D3,0,0,1,-4
574,163.0,164.0,C3,0,0,1,-5
575,164.0,164.25,D3,0,0,1,-4
576,164.25,164.5,C3,0,0,1,-5
577,164.5,164.75,E3,0,0,1,-3
578,164.75,165.0,C3,0,0,1,-5
579,165.0,165.25,E3,0,0,1,-3
580,165.25,165.5,D3,0,0,1,-4
581,165.5,165.75,F3,0,0,1,-2
582,165.75,166.0,D3,0,0,1,-4
583,166.0,166.25,F3,0,0,1,-3
584,166.25,166.5,E3,0,0,1,-4
585,166.5,166.75,G3,0,0,1,-2
586,166.75,167.0,E3,0,0,1,-4
587,167.0,167.25,F3,0,0,1,-3
588,167.25,167.5,E3,0,0,1,-4
589,167.5,167.75,F3,0,0,1,-3
590,167.75,168.0,G3,0,0,1,-2
591,168.0,169.0,C3,0,0,1,-5
592,169.0,169.25,F3,0,0,1,-3
593,169.25,169.5,G3,0,0,1,-2
594,169.5,169.75,E3,0,0,1,-4
595,169.75,170.0,G3,0,0,1,-2
596,170.0,170.25,E3,0,0,1,-4
597,170.25,170.5,F3,0,0,1,-3
598,170.5,170.75,D3,0,0,1,-5
599,170.75,171.0,F3,0,0,1,-3
600,171.0,171.25,D3,0,0,1,-5
601,171.25,171.5,E3,0,0,1,-3
602,171.5,171.75,C3,0,0,1,-5
603,171.75,172.0,E3,0,0,1,-3
604,172.0,172.25,D3,0,0,1,-4
605,172.25,172.5,E3,0,0,1,-3
606,172.5,172.75,D3,0,0,1,-4
607,172.75,173.0,C3,0,0,1,-5
608,173.0,174.0,E3,0,0,1,-3
609,174.0,174.25,C3,0,0,1,-5
610,174.25,174.5,D3,0,0,1,-4
611,174.5,174.75,E3,0,0,1,-3
612,174.75,175.0,C3,0,0,1,-5
613,175.0,175.25,D3,0,0,1,-4
614,175.25,175.5,E3,0,0,1,-3
615,175.5,175.75,F3,0,0,1,-2
616,175.75,176.0,D3,0,0,1,-4
617,176.0,176.25,E3,0,0,1,-3
618,176.25,176.5,F3,0,0,1,-2
619,176.5,176.75,G3,0,0,1,-1
620,176.75,177.0,E3,0,0,1,-3
621,177.0,177.25,D3,0,0,1,-4
622,177.25,177.5,E3,0,0,1,-3
623,177.5,177.75,F3,0,0,1,-2
624,177.75,178.0,D3,0,0,1,-4
625,178.0,179.0,C3,0,0,1,-5
626,179.0,179.25,G3,0,0,1,-2
627,179.25,179.5,F3,0,0,1,-3
628,179.5,179.75,E3,0,0,1,-4
629,179.75,180.0,G3,0,0,1,-2
630,180.0,180.25,F3,0,0,1,-3
631,180.25,180.5,E3,0,0,1,-4
632,180.5,180.75,D3,0,0,1,-5
633,180.75,181.0,F3,0,0,1,-2
634,181.0,181.25,E3,0,0,1,-3
635,181.25,181.5,D3,0,0,1,-4
636,181.5,181.75,C3,0,0,1,-5
637,181.75,182.0,E3,0,0,1,-3
638,182.0,182.25,F3,0,0,1,-2
639,182.25,182.5,E3,0,0,1,-3
640,182.5,182.75,D3,0,0,1,-4
641,182.75,183.0,F3,0,0,1,-2
642,183.0,184.0,G3,0,0,1,-1
643,184.0,184.25,E3,0,0,1,-4
644,184.25,184.5,F3,0,0,1,-3
645,184.5,184.75,G3,0,0,1,-2
646,184.75,185.0,E3,0,0,1,-4
647,185.0,185.25,D3,0,0,1,-5
648,185.25,185.5,E3,0,0,1,-3
649,185.5,185.75,F3,0,0,1,-2
650,185.75,186.0,D3,0,0,1,-4
651,186.0,186.25,C3,0,0,1,-5
652,186.25,186.5,D3,0,0,1,-4
653,186.5,186.75,E3,0,0,1,-3
654,186.75,187.0,C3,0,0,1,-5
655,187.0,187.25,D3,0,0,1,-4
656,187.25,187.5,E3,0,0,1,-3
657,187.5,187.75,F3,0,0,1,-2
658,187.75,188.0,D3,0,0,1,-4
659,188.0,189.0,C3,0,0,1,-5
660,189.0,190.0,G3,0,0,1,-2
661,190.0,191.0,E3,0,0,1,-4
662,191.0,192.0,E3,0,0,1,-4
663,192.0,193.0,E3,0,0,1,-4
664,193.0,194.0,E3,0,0,1,-4
665,194.0,195.0,E3,0,0,1,-4
666,195.0,196.0,E3,0,0,1,-4
667,196.0,197.0,E3,0,0,1,-3
668,197.0,198.0,E3,0,0,1,-3
669,198.0,199.0,F3,0,0,1,-2
670,199.0,200.0,F3,0,0,1,-3
671,200.0,201.0,G3,0,0,1,-1
672,201.0,202.0,C3,0,0,1,-5
673,202.0,203.0,C3,0,0,1,-5
674,203.0,204.0,F3,0,0,1,-2
675,204.0,205.0,F3,0,0,1,-2
676,205.0,206.0,C3,0,0,1,-5
677,206.0,207.0,F3,0,0,1,-2
678,207.0,208.0,G3,0,0,1,-1
679,208.0,209.0,E3,0,0,1,-3
680,209.0,210.0,E3,0,0,1,-3
681,210.0,211.0,E3,0,0,1,-3
682,211.0,212.0,C3,0,0,1,-5
683,212.0,213.0,D3,0,0,1,-4
684,213.0,214.0,D3,0,0,1,-4
685,214.0,215.0,E3,0,0,1,-3
686,215.0,216.0,F3,0,0,1,-2
687,216.0,217.0,D3,0,0,1,-4
688,217.0,218.0,C3,0,0,1,-5
689,218.0,219.0,E3,0,0,1,-3
